Year,Country,COUNTRY,VARIABLE,Variable,YEAR,Unit Code,Unit,PowerCode Code,PowerCode,Reference Period Code,Reference Period,Value,Flag Codes,Flags
1995,Slovenia,SVN,T-ACCI-CAS,Road casualties (injured + killed),1995.0,PER,Persons,0.0,Units,,,8391.0,,
1995,Portugal,PRT,T-ACCI-CAS,Road casualties (injured + killed),1995.0,PER,Persons,0.0,Units,,,65853.0,,
1995,Finland,FIN,T-ACCI-CAS,Road casualties (injured + killed),1995.0,PER,Persons,0.0,Units,,,10632.0,B,Break
1995,United States,USA,T-ACCI-CAS,Road casualties (injured + killed),1995.0,PER,Persons,0.0,Units,,,3507000.0,E,Estimated value
1995,Japan,JPN,T-ACCI-CAS,Road casualties (injured + killed),1995.0,PER,Persons,0.0,Units,,,933361.0,,
1995,Canada,CAN,T-ACCI-CAS,Road casualties (injured + killed),1995.0,PER,Persons,0.0,Units,,,241771.0,,
1995,Sweden,SWE,T-ACCI-CAS,Road casualties (injured + killed),1995.0,PER,Persons,0.0,Units,,,21745.0,,
1995,Norway,NOR,T-ACCI-CAS,Road casualties (injured + killed),1995.0,PER,Persons,0.0,Units,,,12061.0,,
1995,Hungary,HUN,T-ACCI-CAS,Road casualties (injured + killed),1995.0,PER,Persons,0.0,Units,,,27475.0,,
1995,Iceland,ISL,T-ACCI-CAS,Road casualties (injured + killed),1995.0,PER,Persons,0.0,Units,,,1655.0,,
1995,Netherlands,NLD,T-ACCI-CAS,Road casualties (injured + killed),1995.0,PER,Persons,0.0,Units,,,13022.0,,
1995,Switzerland,CHE,T-ACCI-CAS,Road casualties (injured + killed),1995.0,PER,Persons,0.0,Units,,,29451.0,,
1995,Denmark,DNK,T-ACCI-CAS,Road casualties (injured + killed),1995.0,PER,Persons,0.0,Units,,,10573.0,,
1995,Croatia,HRV,T-ACCI-CAS,Road casualties (injured + killed),1995.0,PER,Persons,0.0,Units,,,18465.0,,
1995,Poland,POL,T-ACCI-CAS,Road casualties (injured + killed),1995.0,PER,Persons,0.0,Units,,,84026.0,,
1995,United Kingdom,GBR,T-ACCI-CAS,Road casualties (injured + killed),1995.0,PER,Persons,0.0,Units,,,322412.0,,
1995,France,FRA,T-ACCI-CAS,Road casualties (injured + killed),1995.0,PER,Persons,0.0,Units,,,189815.0,,
1995,Korea,KOR,T-ACCI-CAS,Road casualties (injured + killed),1995.0,PER,Persons,0.0,Units,,,342070.0,,
1995,Italy,ITA,T-ACCI-CAS,Road casualties (injured + killed),1995.0,PER,Persons,0.0,Units,,,273637.0,,
1995,New Zealand,NZL,T-ACCI-CAS,Road casualties (injured + killed),1995.0,PER,Persons,0.0,Units,,,17538.0,,
1995,Czech Republic,CZE,T-ACCI-CAS,Road casualties (injured + killed),1995.0,PER,Persons,0.0,Units,,,38555.0,,
1995,India,,,,,,,,,,,,,
1995,Türkiye,TUR,T-ACCI-CAS,Road casualties (injured + killed),1995.0,PER,Persons,0.0,Units,,,120323.0,,
1995,Lithuania,LTU,T-ACCI-CAS,Road casualties (injured + killed),1995.0,PER,Persons,0.0,Units,,,5180.0,,
1995,Belgium,BEL,T-ACCI-CAS,Road casualties (injured + killed),1995.0,PER,Persons,0.0,Units,,,73568.0,,
1995,Slovak Republic,SVK,T-ACCI-CAS,Road casualties (injured + killed),1995.0,PER,Persons,0.0,Units,,,12233.0,,
1996,Slovenia,SVN,T-ACCI-CAS,Road casualties (injured + killed),1996.0,PER,Persons,0.0,Units,,,8187.0,,
1996,Portugal,PRT,T-ACCI-CAS,Road casualties (injured + killed),1996.0,PER,Persons,0.0,Units,,,68727.0,,
1996,Finland,FIN,T-ACCI-CAS,Road casualties (injured + killed),1996.0,PER,Persons,0.0,Units,,,9703.0,,
1996,United States,USA,T-ACCI-CAS,Road casualties (injured + killed),1996.0,PER,Persons,0.0,Units,,,3525000.0,E,Estimated value
1996,Japan,JPN,T-ACCI-CAS,Road casualties (injured + killed),1996.0,PER,Persons,0.0,Units,,,952147.0,,
1996,Canada,CAN,T-ACCI-CAS,Road casualties (injured + killed),1996.0,PER,Persons,0.0,Units,,,230412.0,,
1996,Sweden,SWE,T-ACCI-CAS,Road casualties (injured + killed),1996.0,PER,Persons,0.0,Units,,,21347.0,,
1996,Norway,NOR,T-ACCI-CAS,Road casualties (injured + killed),1996.0,PER,Persons,0.0,Units,,,12280.0,,
1996,Hungary,HUN,T-ACCI-CAS,Road casualties (injured + killed),1996.0,PER,Persons,0.0,Units,,,25309.0,,
1996,Iceland,ISL,T-ACCI-CAS,Road casualties (injured + killed),1996.0,PER,Persons,0.0,Units,,,1568.0,,
1996,Netherlands,NLD,T-ACCI-CAS,Road casualties (injured + killed),1996.0,PER,Persons,0.0,Units,,,13217.0,B,Break
1996,Switzerland,CHE,T-ACCI-CAS,Road casualties (injured + killed),1996.0,PER,Persons,0.0,Units,,,27155.0,,
1996,Denmark,DNK,T-ACCI-CAS,Road casualties (injured + killed),1996.0,PER,Persons,0.0,Units,,,10324.0,,
1996,Croatia,HRV,T-ACCI-CAS,Road casualties (injured + killed),1996.0,PER,Persons,0.0,Units,,,16903.0,,
1996,Poland,POL,T-ACCI-CAS,Road casualties (injured + killed),1996.0,PER,Persons,0.0,Units,,,84137.0,,
1996,United Kingdom,GBR,T-ACCI-CAS,Road casualties (injured + killed),1996.0,PER,Persons,0.0,Units,,,333153.0,,
1996,France,FRA,T-ACCI-CAS,Road casualties (injured + killed),1996.0,PER,Persons,0.0,Units,,,178197.0,,
1996,Korea,KOR,T-ACCI-CAS,Road casualties (injured + killed),1996.0,PER,Persons,0.0,Units,,,368615.0,,
1996,Italy,ITA,T-ACCI-CAS,Road casualties (injured + killed),1996.0,PER,Persons,0.0,Units,,,285491.0,,
1996,New Zealand,NZL,T-ACCI-CAS,Road casualties (injured + killed),1996.0,PER,Persons,0.0,Units,,,15352.0,,
1996,Czech Republic,CZE,T-ACCI-CAS,Road casualties (injured + killed),1996.0,PER,Persons,0.0,Units,,,39311.0,,
1996,India,,,,,,,,,,,,,
1996,Türkiye,TUR,T-ACCI-CAS,Road casualties (injured + killed),1996.0,PER,Persons,0.0,Units,,,110027.0,,
1996,Lithuania,LTU,T-ACCI-CAS,Road casualties (injured + killed),1996.0,PER,Persons,0.0,Units,,,5890.0,,
1996,Belgium,BEL,T-ACCI-CAS,Road casualties (injured + killed),1996.0,PER,Persons,0.0,Units,,,68259.0,,
1996,Slovak Republic,SVK,T-ACCI-CAS,Road casualties (injured + killed),1996.0,PER,Persons,0.0,Units,,,12264.0,,
1997,Slovenia,SVN,T-ACCI-CAS,Road casualties (injured + killed),1997.0,PER,Persons,0.0,Units,,,9026.0,,
1997,Portugal,PRT,T-ACCI-CAS,Road casualties (injured + killed),1997.0,PER,Persons,0.0,Units,,,68455.0,,
1997,Finland,FIN,T-ACCI-CAS,Road casualties (injured + killed),1997.0,PER,Persons,0.0,Units,,,9395.0,,
1997,United States,USA,T-ACCI-CAS,Road casualties (injured + killed),1997.0,PER,Persons,0.0,Units,,,3390000.0,E,Estimated value
1997,Japan,JPN,T-ACCI-CAS,Road casualties (injured + killed),1997.0,PER,Persons,0.0,Units,,,968567.0,,
1997,Canada,CAN,T-ACCI-CAS,Road casualties (injured + killed),1997.0,PER,Persons,0.0,Units,,,220477.0,,
1997,Sweden,SWE,T-ACCI-CAS,Road casualties (injured + killed),1997.0,PER,Persons,0.0,Units,,,21821.0,,
1997,Norway,NOR,T-ACCI-CAS,Road casualties (injured + killed),1997.0,PER,Persons,0.0,Units,,,12126.0,,
1997,Hungary,HUN,T-ACCI-CAS,Road casualties (injured + killed),1997.0,PER,Persons,0.0,Units,,,26148.0,,
1997,Iceland,ISL,T-ACCI-CAS,Road casualties (injured + killed),1997.0,PER,Persons,0.0,Units,,,1511.0,,
1997,Netherlands,NLD,T-ACCI-CAS,Road casualties (injured + killed),1997.0,PER,Persons,0.0,Units,,,12953.0,,
1997,Switzerland,CHE,T-ACCI-CAS,Road casualties (injured + killed),1997.0,PER,Persons,0.0,Units,,,27872.0,,
1997,Denmark,DNK,T-ACCI-CAS,Road casualties (injured + killed),1997.0,PER,Persons,0.0,Units,,,10106.0,,
1997,Croatia,HRV,T-ACCI-CAS,Road casualties (injured + killed),1997.0,PER,Persons,0.0,Units,,,16948.0,,
1997,Poland,POL,T-ACCI-CAS,Road casualties (injured + killed),1997.0,PER,Persons,0.0,Units,,,97788.0,,
1997,United Kingdom,GBR,T-ACCI-CAS,Road casualties (injured + killed),1997.0,PER,Persons,0.0,Units,,,340501.0,,
1997,France,FRA,T-ACCI-CAS,Road casualties (injured + killed),1997.0,PER,Persons,0.0,Units,,,177567.0,,
1997,Korea,KOR,T-ACCI-CAS,Road casualties (injured + killed),1997.0,PER,Persons,0.0,Units,,,354762.0,,
1997,Italy,ITA,T-ACCI-CAS,Road casualties (injured + killed),1997.0,PER,Persons,0.0,Units,,,284410.0,,
1997,New Zealand,NZL,T-ACCI-CAS,Road casualties (injured + killed),1997.0,PER,Persons,0.0,Units,,,14007.0,,
1997,Czech Republic,CZE,T-ACCI-CAS,Road casualties (injured + killed),1997.0,PER,Persons,0.0,Units,,,38205.0,,
1997,India,,,,,,,,,,,,,
1997,Türkiye,TUR,T-ACCI-CAS,Road casualties (injured + killed),1997.0,PER,Persons,0.0,Units,,,111371.0,,
1997,Lithuania,LTU,T-ACCI-CAS,Road casualties (injured + killed),1997.0,PER,Persons,0.0,Units,,,6923.0,,
1997,Belgium,BEL,T-ACCI-CAS,Road casualties (injured + killed),1997.0,PER,Persons,0.0,Units,,,70907.0,,
1997,Slovak Republic,SVK,T-ACCI-CAS,Road casualties (injured + killed),1997.0,PER,Persons,0.0,Units,,,13361.0,,
1998,Slovenia,SVN,T-ACCI-CAS,Road casualties (injured + killed),1998.0,PER,Persons,0.0,Units,,,7627.0,,
1998,Portugal,PRT,T-ACCI-CAS,Road casualties (injured + killed),1998.0,PER,Persons,0.0,Units,,,68468.0,,
1998,Finland,FIN,T-ACCI-CAS,Road casualties (injured + killed),1998.0,PER,Persons,0.0,Units,,,9497.0,,
1998,United States,USA,T-ACCI-CAS,Road casualties (injured + killed),1998.0,PER,Persons,0.0,Units,,,3234000.0,E,Estimated value
1998,Japan,JPN,T-ACCI-CAS,Road casualties (injured + killed),1998.0,PER,Persons,0.0,Units,,,999890.0,,
1998,Canada,CAN,T-ACCI-CAS,Road casualties (injured + killed),1998.0,PER,Persons,0.0,Units,,,216238.0,,
1998,Sweden,SWE,T-ACCI-CAS,Road casualties (injured + killed),1998.0,PER,Persons,0.0,Units,,,21887.0,,
1998,Norway,NOR,T-ACCI-CAS,Road casualties (injured + killed),1998.0,PER,Persons,0.0,Units,,,12472.0,,
1998,Hungary,HUN,T-ACCI-CAS,Road casualties (injured + killed),1998.0,PER,Persons,0.0,Units,,,27763.0,,
1998,Iceland,ISL,T-ACCI-CAS,Road casualties (injured + killed),1998.0,PER,Persons,0.0,Units,,,1605.0,,
1998,Netherlands,NLD,T-ACCI-CAS,Road casualties (injured + killed),1998.0,PER,Persons,0.0,Units,,,12882.0,,
1998,Switzerland,CHE,T-ACCI-CAS,Road casualties (injured + killed),1998.0,PER,Persons,0.0,Units,,,28387.0,,
1998,Denmark,DNK,T-ACCI-CAS,Road casualties (injured + killed),1998.0,PER,Persons,0.0,Units,,,9674.0,,
1998,Croatia,HRV,T-ACCI-CAS,Road casualties (injured + killed),1998.0,PER,Persons,0.0,Units,,,18764.0,,
1998,Poland,POL,T-ACCI-CAS,Road casualties (injured + killed),1998.0,PER,Persons,0.0,Units,,,91720.0,,
1998,United Kingdom,GBR,T-ACCI-CAS,Road casualties (injured + killed),1998.0,PER,Persons,0.0,Units,,,338614.0,,
1998,France,FRA,T-ACCI-CAS,Road casualties (injured + killed),1998.0,PER,Persons,0.0,Units,,,176972.0,,
1998,Korea,KOR,T-ACCI-CAS,Road casualties (injured + killed),1998.0,PER,Persons,0.0,Units,,,349621.0,,
1998,Italy,ITA,T-ACCI-CAS,Road casualties (injured + killed),1998.0,PER,Persons,0.0,Units,,,307055.0,,
1998,New Zealand,NZL,T-ACCI-CAS,Road casualties (injured + killed),1998.0,PER,Persons,0.0,Units,,,13042.0,,
1998,Czech Republic,CZE,T-ACCI-CAS,Road casualties (injured + killed),1998.0,PER,Persons,0.0,Units,,,36587.0,,
1998,India,,,,,,,,,,,,,
1998,Türkiye,TUR,T-ACCI-CAS,Road casualties (injured + killed),1998.0,PER,Persons,0.0,Units,,,131876.0,,
1998,Lithuania,LTU,T-ACCI-CAS,Road casualties (injured + killed),1998.0,PER,Persons,0.0,Units,,,8496.0,,
1998,Belgium,BEL,T-ACCI-CAS,Road casualties (injured + killed),1998.0,PER,Persons,0.0,Units,,,72260.0,,
1998,Slovak Republic,SVK,T-ACCI-CAS,Road casualties (injured + killed),1998.0,PER,Persons,0.0,Units,,,13721.0,,
1999,Slovenia,SVN,T-ACCI-CAS,Road casualties (injured + killed),1999.0,PER,Persons,0.0,Units,,,9314.0,,
1999,Portugal,PRT,T-ACCI-CAS,Road casualties (injured + killed),1999.0,PER,Persons,0.0,Units,,,67077.0,,
1999,Finland,FIN,T-ACCI-CAS,Road casualties (injured + killed),1999.0,PER,Persons,0.0,Units,,,9483.0,,
1999,United States,USA,T-ACCI-CAS,Road casualties (injured + killed),1999.0,PER,Persons,0.0,Units,,,3278000.0,E,Estimated value
1999,Japan,JPN,T-ACCI-CAS,Road casualties (injured + killed),1999.0,PER,Persons,0.0,Units,,,1059411.0,,
1999,Canada,CAN,T-ACCI-CAS,Road casualties (injured + killed),1999.0,PER,Persons,0.0,Units,,,221437.0,,
1999,Sweden,SWE,T-ACCI-CAS,Road casualties (injured + killed),1999.0,PER,Persons,0.0,Units,,,22544.0,,
1999,Norway,NOR,T-ACCI-CAS,Road casualties (injured + killed),1999.0,PER,Persons,0.0,Units,,,11764.0,,
1999,Hungary,HUN,T-ACCI-CAS,Road casualties (injured + killed),1999.0,PER,Persons,0.0,Units,,,25976.0,,
1999,Iceland,ISL,T-ACCI-CAS,Road casualties (injured + killed),1999.0,PER,Persons,0.0,Units,,,1726.0,,
1999,Netherlands,NLD,T-ACCI-CAS,Road casualties (injured + killed),1999.0,PER,Persons,0.0,Units,,,13574.0,,
1999,Switzerland,CHE,T-ACCI-CAS,Road casualties (injured + killed),1999.0,PER,Persons,0.0,Units,,,30110.0,,
1999,Denmark,DNK,T-ACCI-CAS,Road casualties (injured + killed),1999.0,PER,Persons,0.0,Units,,,9907.0,,
1999,Croatia,HRV,T-ACCI-CAS,Road casualties (injured + killed),1999.0,PER,Persons,0.0,Units,,,18765.0,,
1999,Poland,POL,T-ACCI-CAS,Road casualties (injured + killed),1999.0,PER,Persons,0.0,Units,,,75179.0,,
1999,United Kingdom,GBR,T-ACCI-CAS,Road casualties (injured + killed),1999.0,PER,Persons,0.0,Units,,,333759.0,,
1999,France,FRA,T-ACCI-CAS,Road casualties (injured + killed),1999.0,PER,Persons,0.0,Units,,,175601.0,,
1999,Korea,KOR,T-ACCI-CAS,Road casualties (injured + killed),1999.0,PER,Persons,0.0,Units,,,412320.0,,
1999,Italy,ITA,T-ACCI-CAS,Road casualties (injured + killed),1999.0,PER,Persons,0.0,Units,,,336375.0,,
1999,New Zealand,NZL,T-ACCI-CAS,Road casualties (injured + killed),1999.0,PER,Persons,0.0,Units,,,12671.0,,
1999,Czech Republic,CZE,T-ACCI-CAS,Road casualties (injured + killed),1999.0,PER,Persons,0.0,Units,,,36165.0,,
1999,India,,,,,,,,,,,,,
1999,Türkiye,TUR,T-ACCI-CAS,Road casualties (injured + killed),1999.0,PER,Persons,0.0,Units,,,130871.0,,
1999,Lithuania,LTU,T-ACCI-CAS,Road casualties (injured + killed),1999.0,PER,Persons,0.0,Units,,,8444.0,,
1999,Belgium,BEL,T-ACCI-CAS,Road casualties (injured + killed),1999.0,PER,Persons,0.0,Units,,,72543.0,,
1999,Slovak Republic,SVK,T-ACCI-CAS,Road casualties (injured + killed),1999.0,PER,Persons,0.0,Units,,,12113.0,,
2000,Slovenia,SVN,T-ACCI-CAS,Road casualties (injured + killed),2000.0,PER,Persons,0.0,Units,,,11887.0,,
2000,Portugal,PRT,T-ACCI-CAS,Road casualties (injured + killed),2000.0,PER,Persons,0.0,Units,,,61553.0,,
2000,Finland,FIN,T-ACCI-CAS,Road casualties (injured + killed),2000.0,PER,Persons,0.0,Units,,,8904.0,,
2000,United States,USA,T-ACCI-CAS,Road casualties (injured + killed),2000.0,PER,Persons,0.0,Units,,,3231000.0,E,Estimated value
2000,Japan,JPN,T-ACCI-CAS,Road casualties (injured + killed),2000.0,PER,Persons,0.0,Units,,,1164780.0,,
2000,Canada,CAN,T-ACCI-CAS,Road casualties (injured + killed),2000.0,PER,Persons,0.0,Units,,,225752.0,,
2000,Sweden,SWE,T-ACCI-CAS,Road casualties (injured + killed),2000.0,PER,Persons,0.0,Units,,,22623.0,,
2000,Norway,NOR,T-ACCI-CAS,Road casualties (injured + killed),2000.0,PER,Persons,0.0,Units,,,12003.0,,
2000,Hungary,HUN,T-ACCI-CAS,Road casualties (injured + killed),2000.0,PER,Persons,0.0,Units,,,23898.0,,
2000,Iceland,ISL,T-ACCI-CAS,Road casualties (injured + killed),2000.0,PER,Persons,0.0,Units,,,1520.0,,
2000,Netherlands,NLD,T-ACCI-CAS,Road casualties (injured + killed),2000.0,PER,Persons,0.0,Units,,,12673.0,,
2000,Switzerland,CHE,T-ACCI-CAS,Road casualties (injured + killed),2000.0,PER,Persons,0.0,Units,,,30650.0,,
2000,Denmark,DNK,T-ACCI-CAS,Road casualties (injured + killed),2000.0,PER,Persons,0.0,Units,,,9590.0,,
2000,Croatia,HRV,T-ACCI-CAS,Road casualties (injured + killed),2000.0,PER,Persons,0.0,Units,,,21156.0,,
2000,Poland,POL,T-ACCI-CAS,Road casualties (injured + killed),2000.0,PER,Persons,0.0,Units,,,77932.0,,
2000,United Kingdom,GBR,T-ACCI-CAS,Road casualties (injured + killed),2000.0,PER,Persons,0.0,Units,,,335003.0,,
2000,France,FRA,T-ACCI-CAS,Road casualties (injured + killed),2000.0,PER,Persons,0.0,Units,,,169760.0,,
2000,Korea,KOR,T-ACCI-CAS,Road casualties (injured + killed),2000.0,PER,Persons,0.0,Units,,,437220.0,,
2000,Italy,ITA,T-ACCI-CAS,Road casualties (injured + killed),2000.0,PER,Persons,0.0,Units,,,374135.0,,
2000,New Zealand,NZL,T-ACCI-CAS,Road casualties (injured + killed),2000.0,PER,Persons,0.0,Units,,,11524.0,,
2000,Czech Republic,CZE,T-ACCI-CAS,Road casualties (injured + killed),2000.0,PER,Persons,0.0,Units,,,33925.0,,
2000,India,,,,,,,,,,,,,
2000,Türkiye,TUR,T-ACCI-CAS,Road casualties (injured + killed),2000.0,PER,Persons,0.0,Units,,,142261.0,,
2000,Lithuania,LTU,T-ACCI-CAS,Road casualties (injured + killed),2000.0,PER,Persons,0.0,Units,,,7601.0,,
2000,Belgium,BEL,T-ACCI-CAS,Road casualties (injured + killed),2000.0,PER,Persons,0.0,Units,,,69431.0,,
2000,Slovak Republic,SVK,T-ACCI-CAS,Road casualties (injured + killed),2000.0,PER,Persons,0.0,Units,,,10722.0,,
2001,Slovenia,SVN,T-ACCI-CAS,Road casualties (injured + killed),2001.0,PER,Persons,0.0,Units,,,12951.0,,
2001,Portugal,PRT,T-ACCI-CAS,Road casualties (injured + killed),2001.0,PER,Persons,0.0,Units,,,58510.0,,
2001,Finland,FIN,T-ACCI-CAS,Road casualties (injured + killed),2001.0,PER,Persons,0.0,Units,,,8844.0,,
2001,United States,USA,T-ACCI-CAS,Road casualties (injured + killed),2001.0,PER,Persons,0.0,Units,,,3075000.0,E,Estimated value
2001,Japan,JPN,T-ACCI-CAS,Road casualties (injured + killed),2001.0,PER,Persons,0.0,Units,,,1189796.0,,
2001,Canada,CAN,T-ACCI-CAS,Road casualties (injured + killed),2001.0,PER,Persons,0.0,Units,,,219300.0,,
2001,Sweden,SWE,T-ACCI-CAS,Road casualties (injured + killed),2001.0,PER,Persons,0.0,Units,,,22913.0,,
2001,Norway,NOR,T-ACCI-CAS,Road casualties (injured + killed),2001.0,PER,Persons,0.0,Units,,,11797.0,,
2001,Hungary,HUN,T-ACCI-CAS,Road casualties (injured + killed),2001.0,PER,Persons,0.0,Units,,,25388.0,,
2001,Iceland,ISL,T-ACCI-CAS,Road casualties (injured + killed),2001.0,PER,Persons,0.0,Units,,,1302.0,,
2001,Netherlands,NLD,T-ACCI-CAS,Road casualties (injured + killed),2001.0,PER,Persons,0.0,Units,,,12112.0,,
2001,Switzerland,CHE,T-ACCI-CAS,Road casualties (injured + killed),2001.0,PER,Persons,0.0,Units,,,30704.0,,
2001,Denmark,DNK,T-ACCI-CAS,Road casualties (injured + killed),2001.0,PER,Persons,0.0,Units,,,8896.0,,
2001,Croatia,HRV,T-ACCI-CAS,Road casualties (injured + killed),2001.0,PER,Persons,0.0,Units,,,22740.0,,
2001,Poland,POL,T-ACCI-CAS,Road casualties (injured + killed),2001.0,PER,Persons,0.0,Units,,,73728.0,,
2001,United Kingdom,GBR,T-ACCI-CAS,Road casualties (injured + killed),2001.0,PER,Persons,0.0,Units,,,326451.0,,
2001,France,FRA,T-ACCI-CAS,Road casualties (injured + killed),2001.0,PER,Persons,0.0,Units,,,161665.0,,
2001,Korea,KOR,T-ACCI-CAS,Road casualties (injured + killed),2001.0,PER,Persons,0.0,Units,,,394636.0,,
2001,Italy,ITA,T-ACCI-CAS,Road casualties (injured + killed),2001.0,PER,Persons,0.0,Units,,,380382.0,,
2001,New Zealand,NZL,T-ACCI-CAS,Road casualties (injured + killed),2001.0,PER,Persons,0.0,Units,,,12932.0,,
2001,Czech Republic,CZE,T-ACCI-CAS,Road casualties (injured + killed),2001.0,PER,Persons,0.0,Units,,,35010.0,,
2001,India,,,,,,,,,,,,,
2001,Türkiye,TUR,T-ACCI-CAS,Road casualties (injured + killed),2001.0,PER,Persons,0.0,Units,,,120589.0,,
2001,Lithuania,LTU,T-ACCI-CAS,Road casualties (injured + killed),2001.0,PER,Persons,0.0,Units,,,7809.0,,
2001,Belgium,BEL,T-ACCI-CAS,Road casualties (injured + killed),2001.0,PER,Persons,0.0,Units,,,66780.0,,
2001,Slovak Republic,SVK,T-ACCI-CAS,Road casualties (injured + killed),2001.0,PER,Persons,0.0,Units,,,11464.0,,
2002,Slovenia,SVN,T-ACCI-CAS,Road casualties (injured + killed),2002.0,PER,Persons,0.0,Units,,,14198.0,,
2002,Portugal,PRT,T-ACCI-CAS,Road casualties (injured + killed),2002.0,PER,Persons,0.0,Units,,,58054.0,,
2002,Finland,FIN,T-ACCI-CAS,Road casualties (injured + killed),2002.0,PER,Persons,0.0,Units,,,8571.0,,
2002,United States,USA,T-ACCI-CAS,Road casualties (injured + killed),2002.0,PER,Persons,0.0,Units,,,2969000.0,E,Estimated value
2002,Japan,JPN,T-ACCI-CAS,Road casualties (injured + killed),2002.0,PER,Persons,0.0,Units,,,1176425.0,,
2002,Canada,CAN,T-ACCI-CAS,Road casualties (injured + killed),2002.0,PER,Persons,0.0,Units,,,225586.0,,
2002,Sweden,SWE,T-ACCI-CAS,Road casualties (injured + killed),2002.0,PER,Persons,0.0,Units,,,25307.0,,
2002,Norway,NOR,T-ACCI-CAS,Road casualties (injured + killed),2002.0,PER,Persons,0.0,Units,,,12705.0,,
2002,Hungary,HUN,T-ACCI-CAS,Road casualties (injured + killed),2002.0,PER,Persons,0.0,Units,,,27407.0,,
2002,Iceland,ISL,T-ACCI-CAS,Road casualties (injured + killed),2002.0,PER,Persons,0.0,Units,,,1514.0,,
2002,Netherlands,NLD,T-ACCI-CAS,Road casualties (injured + killed),2002.0,PER,Persons,0.0,Units,,,12084.0,,
2002,Switzerland,CHE,T-ACCI-CAS,Road casualties (injured + killed),2002.0,PER,Persons,0.0,Units,,,30287.0,,
2002,Denmark,DNK,T-ACCI-CAS,Road casualties (injured + killed),2002.0,PER,Persons,0.0,Units,,,9254.0,,
2002,Croatia,HRV,T-ACCI-CAS,Road casualties (injured + killed),2002.0,PER,Persons,0.0,Units,,,24550.0,,
2002,Poland,POL,T-ACCI-CAS,Road casualties (injured + killed),2002.0,PER,Persons,0.0,Units,,,73325.0,,
2002,United Kingdom,GBR,T-ACCI-CAS,Road casualties (injured + killed),2002.0,PER,Persons,0.0,Units,,,314519.0,,
2002,France,FRA,T-ACCI-CAS,Road casualties (injured + killed),2002.0,PER,Persons,0.0,Units,,,145081.0,,
2002,Korea,KOR,T-ACCI-CAS,Road casualties (injured + killed),2002.0,PER,Persons,0.0,Units,,,355371.0,,
2002,Italy,ITA,T-ACCI-CAS,Road casualties (injured + killed),2002.0,PER,Persons,0.0,Units,,,385471.0,,
2002,New Zealand,NZL,T-ACCI-CAS,Road casualties (injured + killed),2002.0,PER,Persons,0.0,Units,,,14468.0,,
2002,Czech Republic,CZE,T-ACCI-CAS,Road casualties (injured + killed),2002.0,PER,Persons,0.0,Units,,,35820.0,,
2002,India,,,,,,,,,,,,,
2002,Türkiye,TUR,T-ACCI-CAS,Road casualties (injured + killed),2002.0,PER,Persons,0.0,Units,,,120505.0,,
2002,Lithuania,LTU,T-ACCI-CAS,Road casualties (injured + killed),2002.0,PER,Persons,0.0,Units,,,8125.0,,
2002,Belgium,BEL,T-ACCI-CAS,Road casualties (injured + killed),2002.0,PER,Persons,0.0,Units,,,66342.0,,
2002,Slovak Republic,SVK,T-ACCI-CAS,Road casualties (injured + killed),2002.0,PER,Persons,0.0,Units,,,10889.0,,
2003,Slovenia,SVN,T-ACCI-CAS,Road casualties (injured + killed),2003.0,PER,Persons,0.0,Units,,,16945.0,,
2003,Portugal,PRT,T-ACCI-CAS,Road casualties (injured + killed),2003.0,PER,Persons,0.0,Units,,,56614.0,,
2003,Finland,FIN,T-ACCI-CAS,Road casualties (injured + killed),2003.0,PER,Persons,0.0,Units,,,9467.0,B,Break
2003,United States,USA,T-ACCI-CAS,Road casualties (injured + killed),2003.0,PER,Persons,0.0,Units,,,2932000.0,E,Estimated value
2003,Japan,JPN,T-ACCI-CAS,Road casualties (injured + killed),2003.0,PER,Persons,0.0,Units,,,1189449.0,,
2003,Canada,CAN,T-ACCI-CAS,Road casualties (injured + killed),2003.0,PER,Persons,0.0,Units,,,218900.0,,
2003,Sweden,SWE,T-ACCI-CAS,Road casualties (injured + killed),2003.0,PER,Persons,0.0,Units,,,27632.0,,
2003,Norway,NOR,T-ACCI-CAS,Road casualties (injured + killed),2003.0,PER,Persons,0.0,Units,,,12131.0,,
2003,Hungary,HUN,T-ACCI-CAS,Road casualties (injured + killed),2003.0,PER,Persons,0.0,Units,,,27953.0,,
2003,Iceland,ISL,T-ACCI-CAS,Road casualties (injured + killed),2003.0,PER,Persons,0.0,Units,,,1244.0,,
2003,Netherlands,NLD,T-ACCI-CAS,Road casualties (injured + killed),2003.0,PER,Persons,0.0,Units,,,11684.0,,
2003,Switzerland,CHE,T-ACCI-CAS,Road casualties (injured + killed),2003.0,PER,Persons,0.0,Units,,,30644.0,,
2003,Denmark,DNK,T-ACCI-CAS,Road casualties (injured + killed),2003.0,PER,Persons,0.0,Units,,,8844.0,,
2003,Croatia,HRV,T-ACCI-CAS,Road casualties (injured + killed),2003.0,PER,Persons,0.0,Units,,,26854.0,,
2003,Poland,POL,T-ACCI-CAS,Road casualties (injured + killed),2003.0,PER,Persons,0.0,Units,,,69540.0,,
2003,United Kingdom,GBR,T-ACCI-CAS,Road casualties (injured + killed),2003.0,PER,Persons,0.0,Units,,,300932.0,,
2003,France,FRA,T-ACCI-CAS,Road casualties (injured + killed),2003.0,PER,Persons,0.0,Units,,,121660.0,,
2003,Korea,KOR,T-ACCI-CAS,Road casualties (injured + killed),2003.0,PER,Persons,0.0,Units,,,383715.0,,
2003,Italy,ITA,T-ACCI-CAS,Road casualties (injured + killed),2003.0,PER,Persons,0.0,Units,,,363038.0,,
2003,New Zealand,NZL,T-ACCI-CAS,Road casualties (injured + killed),2003.0,PER,Persons,0.0,Units,,,14989.0,,
2003,Czech Republic,CZE,T-ACCI-CAS,Road casualties (injured + killed),2003.0,PER,Persons,0.0,Units,,,36885.0,,
2003,India,,,,,,,,,,,,,
2003,Türkiye,TUR,T-ACCI-CAS,Road casualties (injured + killed),2003.0,PER,Persons,0.0,Units,,,122160.0,,
2003,Lithuania,LTU,T-ACCI-CAS,Road casualties (injured + killed),2003.0,PER,Persons,0.0,Units,,,7975.0,,
2003,Belgium,BEL,T-ACCI-CAS,Road casualties (injured + killed),2003.0,PER,Persons,0.0,Units,,,66602.0,,
2003,Slovak Republic,SVK,T-ACCI-CAS,Road casualties (injured + killed),2003.0,PER,Persons,0.0,Units,,,11974.0,,
2004,Slovenia,SVN,T-ACCI-CAS,Road casualties (injured + killed),2004.0,PER,Persons,0.0,Units,,,18997.0,,
2004,Portugal,PRT,T-ACCI-CAS,Road casualties (injured + killed),2004.0,PER,Persons,0.0,Units,,,53144.0,,
2004,Finland,FIN,T-ACCI-CAS,Road casualties (injured + killed),2004.0,PER,Persons,0.0,Units,,,9166.0,,
2004,United States,USA,T-ACCI-CAS,Road casualties (injured + killed),2004.0,PER,Persons,0.0,Units,,,2831000.0,E,Estimated value
2004,Japan,JPN,T-ACCI-CAS,Road casualties (injured + killed),2004.0,PER,Persons,0.0,Units,,,1191053.0,,
2004,Canada,CAN,T-ACCI-CAS,Road casualties (injured + killed),2004.0,PER,Persons,0.0,Units,,,208839.0,,
2004,Sweden,SWE,T-ACCI-CAS,Road casualties (injured + killed),2004.0,PER,Persons,0.0,Units,,,27062.0,,
2004,Norway,NOR,T-ACCI-CAS,Road casualties (injured + killed),2004.0,PER,Persons,0.0,Units,,,12378.0,,
2004,Hungary,HUN,T-ACCI-CAS,Road casualties (injured + killed),2004.0,PER,Persons,0.0,Units,,,29350.0,,
2004,Iceland,ISL,T-ACCI-CAS,Road casualties (injured + killed),2004.0,PER,Persons,0.0,Units,,,1179.0,,
2004,Netherlands,NLD,T-ACCI-CAS,Road casualties (injured + killed),2004.0,PER,Persons,0.0,Units,,,10368.0,,
2004,Switzerland,CHE,T-ACCI-CAS,Road casualties (injured + killed),2004.0,PER,Persons,0.0,Units,,,29256.0,,
2004,Denmark,DNK,T-ACCI-CAS,Road casualties (injured + killed),2004.0,PER,Persons,0.0,Units,,,7915.0,,
2004,Croatia,HRV,T-ACCI-CAS,Road casualties (injured + killed),2004.0,PER,Persons,0.0,Units,,,24879.0,,
2004,Poland,POL,T-ACCI-CAS,Road casualties (injured + killed),2004.0,PER,Persons,0.0,Units,,,70373.0,,
2004,United Kingdom,GBR,T-ACCI-CAS,Road casualties (injured + killed),2004.0,PER,Persons,0.0,Units,,,290347.0,,
2004,France,FRA,T-ACCI-CAS,Road casualties (injured + killed),2004.0,PER,Persons,0.0,Units,,,113959.0,,
2004,Korea,KOR,T-ACCI-CAS,Road casualties (injured + killed),2004.0,PER,Persons,0.0,Units,,,353550.0,,
2004,Italy,ITA,T-ACCI-CAS,Road casualties (injured + killed),2004.0,PER,Persons,0.0,Units,,,349301.0,,
2004,New Zealand,NZL,T-ACCI-CAS,Road casualties (injured + killed),2004.0,PER,Persons,0.0,Units,,,14535.0,,
2004,Czech Republic,CZE,T-ACCI-CAS,Road casualties (injured + killed),2004.0,PER,Persons,0.0,Units,,,35636.0,,
2004,India,,,,,,,,,,,,,
2004,Türkiye,TUR,T-ACCI-CAS,Road casualties (injured + killed),2004.0,PER,Persons,0.0,Units,,,140864.0,,
2004,Lithuania,LTU,T-ACCI-CAS,Road casualties (injured + killed),2004.0,PER,Persons,0.0,Units,,,8614.0,,
2004,Belgium,BEL,T-ACCI-CAS,Road casualties (injured + killed),2004.0,PER,Persons,0.0,Units,,,64155.0,,
2004,Slovak Republic,SVK,T-ACCI-CAS,Road casualties (injured + killed),2004.0,PER,Persons,0.0,Units,,,11798.0,,
2005,Slovenia,SVN,T-ACCI-CAS,Road casualties (injured + killed),2005.0,PER,Persons,0.0,Units,,,14572.0,,
2005,Portugal,PRT,T-ACCI-CAS,Road casualties (injured + killed),2005.0,PER,Persons,0.0,Units,,,50343.0,,
2005,Finland,FIN,T-ACCI-CAS,Road casualties (injured + killed),2005.0,PER,Persons,0.0,Units,,,9362.0,,
2005,United States,USA,T-ACCI-CAS,Road casualties (injured + killed),2005.0,PER,Persons,0.0,Units,,,2742000.0,E,Estimated value
2005,Japan,JPN,T-ACCI-CAS,Road casualties (injured + killed),2005.0,PER,Persons,0.0,Units,,,1164050.0,,
2005,Canada,CAN,T-ACCI-CAS,Road casualties (injured + killed),2005.0,PER,Persons,0.0,Units,,,207599.0,,
2005,Sweden,SWE,T-ACCI-CAS,Road casualties (injured + killed),2005.0,PER,Persons,0.0,Units,,,26899.0,,
2005,Norway,NOR,T-ACCI-CAS,Road casualties (injured + killed),2005.0,PER,Persons,0.0,Units,,,11438.0,,
2005,Hungary,HUN,T-ACCI-CAS,Road casualties (injured + killed),2005.0,PER,Persons,0.0,Units,,,28783.0,,
2005,Iceland,ISL,T-ACCI-CAS,Road casualties (injured + killed),2005.0,PER,Persons,0.0,Units,,,1032.0,,
2005,Netherlands,NLD,T-ACCI-CAS,Road casualties (injured + killed),2005.0,PER,Persons,0.0,Units,,,10218.0,,
2005,Switzerland,CHE,T-ACCI-CAS,Road casualties (injured + killed),2005.0,PER,Persons,0.0,Units,,,27163.0,,
2005,Denmark,DNK,T-ACCI-CAS,Road casualties (injured + killed),2005.0,PER,Persons,0.0,Units,,,6919.0,,
2005,Croatia,HRV,T-ACCI-CAS,Road casualties (injured + killed),2005.0,PER,Persons,0.0,Units,,,22370.0,,
2005,Poland,POL,T-ACCI-CAS,Road casualties (injured + killed),2005.0,PER,Persons,0.0,Units,,,66635.0,,
2005,United Kingdom,GBR,T-ACCI-CAS,Road casualties (injured + killed),2005.0,PER,Persons,0.0,Units,,,279176.0,,
2005,France,FRA,T-ACCI-CAS,Road casualties (injured + killed),2005.0,PER,Persons,0.0,Units,,,113394.0,,
2005,Korea,KOR,T-ACCI-CAS,Road casualties (injured + killed),2005.0,PER,Persons,0.0,Units,,,348609.0,,
2005,Italy,ITA,T-ACCI-CAS,Road casualties (injured + killed),2005.0,PER,Persons,0.0,Units,,,340676.0,,
2005,New Zealand,NZL,T-ACCI-CAS,Road casualties (injured + killed),2005.0,PER,Persons,0.0,Units,,,15059.0,,
2005,Czech Republic,CZE,T-ACCI-CAS,Road casualties (injured + killed),2005.0,PER,Persons,0.0,Units,,,33497.0,,
2005,India,IND,T-ACCI-CAS,Road casualties (injured + killed),2005.0,PER,Persons,0.0,Units,,,560250.0,,
2005,Türkiye,TUR,T-ACCI-CAS,Road casualties (injured + killed),2005.0,PER,Persons,0.0,Units,,,158591.0,,
2005,Lithuania,LTU,T-ACCI-CAS,Road casualties (injured + killed),2005.0,PER,Persons,0.0,Units,,,9239.0,,
2005,Belgium,BEL,T-ACCI-CAS,Road casualties (injured + killed),2005.0,PER,Persons,0.0,Units,,,64244.0,,
2005,Slovak Republic,SVK,T-ACCI-CAS,Road casualties (injured + killed),2005.0,PER,Persons,0.0,Units,,,11090.0,,
2006,Slovenia,SVN,T-ACCI-CAS,Road casualties (injured + killed),2006.0,PER,Persons,0.0,Units,,,16337.0,,
2006,Portugal,PRT,T-ACCI-CAS,Road casualties (injured + killed),2006.0,PER,Persons,0.0,Units,,,47987.0,,
2006,Finland,FIN,T-ACCI-CAS,Road casualties (injured + killed),2006.0,PER,Persons,0.0,Units,,,8916.0,,
2006,United States,USA,T-ACCI-CAS,Road casualties (injured + killed),2006.0,PER,Persons,0.0,Units,,,2575000.0,E,Estimated value
2006,Japan,JPN,T-ACCI-CAS,Road casualties (injured + killed),2006.0,PER,Persons,0.0,Units,,,1104979.0,,
2006,Canada,CAN,T-ACCI-CAS,Road casualties (injured + killed),2006.0,PER,Persons,0.0,Units,,,202847.0,,
2006,Sweden,SWE,T-ACCI-CAS,Road casualties (injured + killed),2006.0,PER,Persons,0.0,Units,,,27081.0,,
2006,Norway,NOR,T-ACCI-CAS,Road casualties (injured + killed),2006.0,PER,Persons,0.0,Units,,,11368.0,,
2006,Hungary,HUN,T-ACCI-CAS,Road casualties (injured + killed),2006.0,PER,Persons,0.0,Units,,,29280.0,,
2006,Iceland,ISL,T-ACCI-CAS,Road casualties (injured + killed),2006.0,PER,Persons,0.0,Units,,,1358.0,,
2006,Netherlands,NLD,T-ACCI-CAS,Road casualties (injured + killed),2006.0,PER,Persons,0.0,Units,,,9862.0,,
2006,Switzerland,CHE,T-ACCI-CAS,Road casualties (injured + killed),2006.0,PER,Persons,0.0,Units,,,27088.0,,
2006,Denmark,DNK,T-ACCI-CAS,Road casualties (injured + killed),2006.0,PER,Persons,0.0,Units,,,6821.0,,
2006,Croatia,HRV,T-ACCI-CAS,Road casualties (injured + killed),2006.0,PER,Persons,0.0,Units,,,23750.0,,
2006,Poland,POL,T-ACCI-CAS,Road casualties (injured + killed),2006.0,PER,Persons,0.0,Units,,,64366.0,,
2006,United Kingdom,GBR,T-ACCI-CAS,Road casualties (injured + killed),2006.0,PER,Persons,0.0,Units,,,267586.0,,
2006,France,FRA,T-ACCI-CAS,Road casualties (injured + killed),2006.0,PER,Persons,0.0,Units,,,106834.0,,
2006,Korea,KOR,T-ACCI-CAS,Road casualties (injured + killed),2006.0,PER,Persons,0.0,Units,,,346556.0,,
2006,Italy,ITA,T-ACCI-CAS,Road casualties (injured + killed),2006.0,PER,Persons,0.0,Units,,,338624.0,,
2006,New Zealand,NZL,T-ACCI-CAS,Road casualties (injured + killed),2006.0,PER,Persons,0.0,Units,,,15789.0,,
2006,Czech Republic,CZE,T-ACCI-CAS,Road casualties (injured + killed),2006.0,PER,Persons,0.0,Units,,,29177.0,,
2006,India,IND,T-ACCI-CAS,Road casualties (injured + killed),2006.0,PER,Persons,0.0,Units,,,602230.0,,
2006,Türkiye,TUR,T-ACCI-CAS,Road casualties (injured + killed),2006.0,PER,Persons,0.0,Units,,,173713.0,,
2006,Lithuania,LTU,T-ACCI-CAS,Road casualties (injured + killed),2006.0,PER,Persons,0.0,Units,,,9012.0,,
2006,Belgium,BEL,T-ACCI-CAS,Road casualties (injured + killed),2006.0,PER,Persons,0.0,Units,,,64558.0,,
2006,Slovak Republic,SVK,T-ACCI-CAS,Road casualties (injured + killed),2006.0,PER,Persons,0.0,Units,,,11300.0,,
2007,Slovenia,SVN,T-ACCI-CAS,Road casualties (injured + killed),2007.0,PER,Persons,0.0,Units,,,16330.0,,
2007,Portugal,PRT,T-ACCI-CAS,Road casualties (injured + killed),2007.0,PER,Persons,0.0,Units,,,47172.0,,
2007,Finland,FIN,T-ACCI-CAS,Road casualties (injured + killed),2007.0,PER,Persons,0.0,Units,,,8826.0,,
2007,United States,USA,T-ACCI-CAS,Road casualties (injured + killed),2007.0,PER,Persons,0.0,Units,,,2532000.0,E,Estimated value
2007,Japan,JPN,T-ACCI-CAS,Road casualties (injured + killed),2007.0,PER,Persons,0.0,Units,,,1040448.0,,
2007,Canada,CAN,T-ACCI-CAS,Road casualties (injured + killed),2007.0,PER,Persons,0.0,Units,,,195498.0,,
2007,Sweden,SWE,T-ACCI-CAS,Road casualties (injured + killed),2007.0,PER,Persons,0.0,Units,,,27220.0,,
2007,Norway,NOR,T-ACCI-CAS,Road casualties (injured + killed),2007.0,PER,Persons,0.0,Units,,,12315.0,,
2007,Hungary,HUN,T-ACCI-CAS,Road casualties (injured + killed),2007.0,PER,Persons,0.0,Units,,,28684.0,,
2007,Iceland,ISL,T-ACCI-CAS,Road casualties (injured + killed),2007.0,PER,Persons,0.0,Units,,,1673.0,,
2007,Netherlands,NLD,T-ACCI-CAS,Road casualties (injured + killed),2007.0,PER,Persons,0.0,Units,,,10474.0,,
2007,Switzerland,CHE,T-ACCI-CAS,Road casualties (injured + killed),2007.0,PER,Persons,0.0,Units,,,27516.0,,
2007,Denmark,DNK,T-ACCI-CAS,Road casualties (injured + killed),2007.0,PER,Persons,0.0,Units,,,7062.0,,
2007,Croatia,HRV,T-ACCI-CAS,Road casualties (injured + killed),2007.0,PER,Persons,0.0,Units,,,25711.0,,
2007,Poland,POL,T-ACCI-CAS,Road casualties (injured + killed),2007.0,PER,Persons,0.0,Units,,,68807.0,,
2007,United Kingdom,GBR,T-ACCI-CAS,Road casualties (injured + killed),2007.0,PER,Persons,0.0,Units,,,257216.0,,
2007,France,FRA,T-ACCI-CAS,Road casualties (injured + killed),2007.0,PER,Persons,0.0,Units,,,107821.0,,
2007,Korea,KOR,T-ACCI-CAS,Road casualties (injured + killed),2007.0,PER,Persons,0.0,Units,,,342072.0,,
2007,Italy,ITA,T-ACCI-CAS,Road casualties (injured + killed),2007.0,PER,Persons,0.0,Units,,,330981.0,,
2007,New Zealand,NZL,T-ACCI-CAS,Road casualties (injured + killed),2007.0,PER,Persons,0.0,Units,,,16628.0,,
2007,Czech Republic,CZE,T-ACCI-CAS,Road casualties (injured + killed),2007.0,PER,Persons,0.0,Units,,,30465.0,,
2007,India,IND,T-ACCI-CAS,Road casualties (injured + killed),2007.0,PER,Persons,0.0,Units,,,627784.0,,
2007,Türkiye,TUR,T-ACCI-CAS,Road casualties (injured + killed),2007.0,PER,Persons,0.0,Units,,,194064.0,,
2007,Lithuania,LTU,T-ACCI-CAS,Road casualties (injured + killed),2007.0,PER,Persons,0.0,Units,,,8783.0,,
2007,Belgium,BEL,T-ACCI-CAS,Road casualties (injured + killed),2007.0,PER,Persons,0.0,Units,,,65445.0,,
2007,Slovak Republic,SVK,T-ACCI-CAS,Road casualties (injured + killed),2007.0,PER,Persons,0.0,Units,,,11971.0,,
2008,Slovenia,SVN,T-ACCI-CAS,Road casualties (injured + killed),2008.0,PER,Persons,0.0,Units,,,12623.0,,
2008,Portugal,PRT,T-ACCI-CAS,Road casualties (injured + killed),2008.0,PER,Persons,0.0,Units,,,44709.0,,
2008,Finland,FIN,T-ACCI-CAS,Road casualties (injured + killed),2008.0,PER,Persons,0.0,Units,,,8857.0,,
2008,United States,USA,T-ACCI-CAS,Road casualties (injured + killed),2008.0,PER,Persons,0.0,Units,,,2383000.0,E,Estimated value
2008,Japan,JPN,T-ACCI-CAS,Road casualties (injured + killed),2008.0,PER,Persons,0.0,Units,,,950912.0,,
2008,Canada,CAN,T-ACCI-CAS,Road casualties (injured + killed),2008.0,PER,Persons,0.0,Units,,,178825.0,,
2008,Sweden,SWE,T-ACCI-CAS,Road casualties (injured + killed),2008.0,PER,Persons,0.0,Units,,,26645.0,,
2008,Norway,NOR,T-ACCI-CAS,Road casualties (injured + killed),2008.0,PER,Persons,0.0,Units,,,11123.0,,
2008,Hungary,HUN,T-ACCI-CAS,Road casualties (injured + killed),2008.0,PER,Persons,0.0,Units,,,26365.0,,
2008,Iceland,ISL,T-ACCI-CAS,Road casualties (injured + killed),2008.0,PER,Persons,0.0,Units,,,1585.0,,
2008,Netherlands,NLD,T-ACCI-CAS,Road casualties (injured + killed),2008.0,PER,Persons,0.0,Units,,,10060.0,,
2008,Switzerland,CHE,T-ACCI-CAS,Road casualties (injured + killed),2008.0,PER,Persons,0.0,Units,,,25913.0,,
2008,Denmark,DNK,T-ACCI-CAS,Road casualties (injured + killed),2008.0,PER,Persons,0.0,Units,,,6329.0,,
2008,Croatia,HRV,T-ACCI-CAS,Road casualties (injured + killed),2008.0,PER,Persons,0.0,Units,,,23059.0,,
2008,Poland,POL,T-ACCI-CAS,Road casualties (injured + killed),2008.0,PER,Persons,0.0,Units,,,67534.0,,
2008,United Kingdom,GBR,T-ACCI-CAS,Road casualties (injured + killed),2008.0,PER,Persons,0.0,Units,,,240456.0,,
2008,France,FRA,T-ACCI-CAS,Road casualties (injured + killed),2008.0,PER,Persons,0.0,Units,,,98073.0,,
2008,Korea,KOR,T-ACCI-CAS,Road casualties (injured + killed),2008.0,PER,Persons,0.0,Units,,,344832.0,,
2008,Italy,ITA,T-ACCI-CAS,Road casualties (injured + killed),2008.0,PER,Persons,0.0,Units,,,315470.0,,
2008,New Zealand,NZL,T-ACCI-CAS,Road casualties (injured + killed),2008.0,PER,Persons,0.0,Units,,,15724.0,,
2008,Czech Republic,CZE,T-ACCI-CAS,Road casualties (injured + killed),2008.0,PER,Persons,0.0,Units,,,29577.0,,
2008,India,IND,T-ACCI-CAS,Road casualties (injured + killed),2008.0,PER,Persons,0.0,Units,,,643053.0,,
2008,Türkiye,TUR,T-ACCI-CAS,Road casualties (injured + killed),2008.0,PER,Persons,0.0,Units,,,188704.0,,
2008,Lithuania,LTU,T-ACCI-CAS,Road casualties (injured + killed),2008.0,PER,Persons,0.0,Units,,,6317.0,,
2008,Belgium,BEL,T-ACCI-CAS,Road casualties (injured + killed),2008.0,PER,Persons,0.0,Units,,,63941.0,,
2008,Slovak Republic,SVK,T-ACCI-CAS,Road casualties (injured + killed),2008.0,PER,Persons,0.0,Units,,,11646.0,,
2009,Slovenia,SVN,T-ACCI-CAS,Road casualties (injured + killed),2009.0,PER,Persons,0.0,Units,,,12285.0,,
2009,Portugal,PRT,T-ACCI-CAS,Road casualties (injured + killed),2009.0,PER,Persons,0.0,Units,,,47151.0,,
2009,Finland,FIN,T-ACCI-CAS,Road casualties (injured + killed),2009.0,PER,Persons,0.0,Units,,,8336.0,,
2009,United States,USA,T-ACCI-CAS,Road casualties (injured + killed),2009.0,PER,Persons,0.0,Units,,,2251000.0,E,Estimated value
2009,Japan,JPN,T-ACCI-CAS,Road casualties (injured + killed),2009.0,PER,Persons,0.0,Units,,,916194.0,,
2009,Canada,CAN,T-ACCI-CAS,Road casualties (injured + killed),2009.0,PER,Persons,0.0,Units,,,172986.0,,
2009,Sweden,SWE,T-ACCI-CAS,Road casualties (injured + killed),2009.0,PER,Persons,0.0,Units,,,25639.0,,
2009,Norway,NOR,T-ACCI-CAS,Road casualties (injured + killed),2009.0,PER,Persons,0.0,Units,,,10056.0,,
2009,Hungary,HUN,T-ACCI-CAS,Road casualties (injured + killed),2009.0,PER,Persons,0.0,Units,,,24096.0,,
2009,Iceland,ISL,T-ACCI-CAS,Road casualties (injured + killed),2009.0,PER,Persons,0.0,Units,,,1299.0,,
2009,Netherlands,NLD,T-ACCI-CAS,Road casualties (injured + killed),2009.0,PER,Persons,0.0,Units,,,7744.0,,
2009,Switzerland,CHE,T-ACCI-CAS,Road casualties (injured + killed),2009.0,PER,Persons,0.0,Units,,,25479.0,,
2009,Denmark,DNK,T-ACCI-CAS,Road casualties (injured + killed),2009.0,PER,Persons,0.0,Units,,,5250.0,,
2009,Croatia,HRV,T-ACCI-CAS,Road casualties (injured + killed),2009.0,PER,Persons,0.0,Units,,,22471.0,,
2009,Poland,POL,T-ACCI-CAS,Road casualties (injured + killed),2009.0,PER,Persons,0.0,Units,,,60618.0,,
2009,United Kingdom,GBR,T-ACCI-CAS,Road casualties (injured + killed),2009.0,PER,Persons,0.0,Units,,,231913.0,,
2009,France,FRA,T-ACCI-CAS,Road casualties (injured + killed),2009.0,PER,Persons,0.0,Units,,,95207.0,,
2009,Korea,KOR,T-ACCI-CAS,Road casualties (injured + killed),2009.0,PER,Persons,0.0,Units,,,367713.0,,
2009,Italy,ITA,T-ACCI-CAS,Road casualties (injured + killed),2009.0,PER,Persons,0.0,Units,,,311495.0,,
2009,New Zealand,NZL,T-ACCI-CAS,Road casualties (injured + killed),2009.0,PER,Persons,0.0,Units,,,15087.0,,
2009,Czech Republic,CZE,T-ACCI-CAS,Road casualties (injured + killed),2009.0,PER,Persons,0.0,Units,,,28145.0,,
2009,India,IND,T-ACCI-CAS,Road casualties (injured + killed),2009.0,PER,Persons,0.0,Units,,,641118.0,,
2009,Türkiye,TUR,T-ACCI-CAS,Road casualties (injured + killed),2009.0,PER,Persons,0.0,Units,,,205704.0,,
2009,Lithuania,LTU,T-ACCI-CAS,Road casualties (injured + killed),2009.0,PER,Persons,0.0,Units,,,4796.0,,
2009,Belgium,BEL,T-ACCI-CAS,Road casualties (injured + killed),2009.0,PER,Persons,0.0,Units,,,62338.0,,
2009,Slovak Republic,SVK,T-ACCI-CAS,Road casualties (injured + killed),2009.0,PER,Persons,0.0,Units,,,8918.0,,
2010,Slovenia,SVN,T-ACCI-CAS,Road casualties (injured + killed),2010.0,PER,Persons,0.0,Units,,,10454.0,,
2010,Portugal,PRT,T-ACCI-CAS,Road casualties (injured + killed),2010.0,PER,Persons,0.0,Units,,,47302.0,,
2010,Finland,FIN,T-ACCI-CAS,Road casualties (injured + killed),2010.0,PER,Persons,0.0,Units,,,7945.0,,
2010,United States,USA,T-ACCI-CAS,Road casualties (injured + killed),2010.0,PER,Persons,0.0,Units,,,2272000.0,E,Estimated value
2010,Japan,JPN,T-ACCI-CAS,Road casualties (injured + killed),2010.0,PER,Persons,0.0,Units,,,901245.0,,
2010,Canada,CAN,T-ACCI-CAS,Road casualties (injured + killed),2010.0,PER,Persons,0.0,Units,,,174319.0,,
2010,Sweden,SWE,T-ACCI-CAS,Road casualties (injured + killed),2010.0,PER,Persons,0.0,Units,,,23571.0,B,Break
2010,Norway,NOR,T-ACCI-CAS,Road casualties (injured + killed),2010.0,PER,Persons,0.0,Units,,,9338.0,,
2010,Hungary,HUN,T-ACCI-CAS,Road casualties (injured + killed),2010.0,PER,Persons,0.0,Units,,,21657.0,,
2010,Iceland,ISL,T-ACCI-CAS,Road casualties (injured + killed),2010.0,PER,Persons,0.0,Units,,,1261.0,,
2010,Netherlands,,,,,,,,,,,,,
2010,Switzerland,CHE,T-ACCI-CAS,Road casualties (injured + killed),2010.0,PER,Persons,0.0,Units,,,24564.0,,
2010,Denmark,DNK,T-ACCI-CAS,Road casualties (injured + killed),2010.0,PER,Persons,0.0,Units,,,4408.0,,
2010,Croatia,HRV,T-ACCI-CAS,Road casualties (injured + killed),2010.0,PER,Persons,0.0,Units,,,18759.0,,
2010,Poland,POL,T-ACCI-CAS,Road casualties (injured + killed),2010.0,PER,Persons,0.0,Units,,,52859.0,,
2010,United Kingdom,GBR,T-ACCI-CAS,Road casualties (injured + killed),2010.0,PER,Persons,0.0,Units,,,217605.0,,
2010,France,FRA,T-ACCI-CAS,Road casualties (injured + killed),2010.0,PER,Persons,0.0,Units,,,88453.0,,
2010,Korea,KOR,T-ACCI-CAS,Road casualties (injured + killed),2010.0,PER,Persons,0.0,Units,,,357963.0,,
2010,Italy,ITA,T-ACCI-CAS,Road casualties (injured + killed),2010.0,PER,Persons,0.0,Units,,,308834.0,,
2010,New Zealand,NZL,T-ACCI-CAS,Road casualties (injured + killed),2010.0,PER,Persons,0.0,Units,,,14504.0,,
2010,Czech Republic,CZE,T-ACCI-CAS,Road casualties (injured + killed),2010.0,PER,Persons,0.0,Units,,,25186.0,,
2010,India,IND,T-ACCI-CAS,Road casualties (injured + killed),2010.0,PER,Persons,0.0,Units,,,662025.0,,
2010,Türkiye,TUR,T-ACCI-CAS,Road casualties (injured + killed),2010.0,PER,Persons,0.0,Units,,,215541.0,,
2010,Lithuania,LTU,T-ACCI-CAS,Road casualties (injured + killed),2010.0,PER,Persons,0.0,Units,,,4529.0,,
2010,Belgium,BEL,T-ACCI-CAS,Road casualties (injured + killed),2010.0,PER,Persons,0.0,Units,,,59872.0,,
2010,Slovak Republic,SVK,T-ACCI-CAS,Road casualties (injured + killed),2010.0,PER,Persons,0.0,Units,,,8503.0,,
2011,Slovenia,SVN,T-ACCI-CAS,Road casualties (injured + killed),2011.0,PER,Persons,0.0,Units,,,9814.0,,
2011,Portugal,PRT,T-ACCI-CAS,Road casualties (injured + killed),2011.0,PER,Persons,0.0,Units,,,42851.0,,
2011,Finland,FIN,T-ACCI-CAS,Road casualties (injured + killed),2011.0,PER,Persons,0.0,Units,,,8223.0,,
2011,United States,USA,T-ACCI-CAS,Road casualties (injured + killed),2011.0,PER,Persons,0.0,Units,,,2249000.0,E,Estimated value
2011,Japan,JPN,T-ACCI-CAS,Road casualties (injured + killed),2011.0,PER,Persons,0.0,Units,,,859305.0,,
2011,Canada,CAN,T-ACCI-CAS,Road casualties (injured + killed),2011.0,PER,Persons,0.0,Units,,,169764.0,,
2011,Sweden,SWE,T-ACCI-CAS,Road casualties (injured + killed),2011.0,PER,Persons,0.0,Units,,,22679.0,,
2011,Norway,NOR,T-ACCI-CAS,Road casualties (injured + killed),2011.0,PER,Persons,0.0,Units,,,8531.0,,
2011,Hungary,HUN,T-ACCI-CAS,Road casualties (injured + killed),2011.0,PER,Persons,0.0,Units,,,20810.0,,
2011,Iceland,ISL,T-ACCI-CAS,Road casualties (injured + killed),2011.0,PER,Persons,0.0,Units,,,1217.0,,
2011,Netherlands,,,,,,,,,,,,,
2011,Switzerland,CHE,T-ACCI-CAS,Road casualties (injured + killed),2011.0,PER,Persons,0.0,Units,,,23562.0,,
2011,Denmark,DNK,T-ACCI-CAS,Road casualties (injured + killed),2011.0,PER,Persons,0.0,Units,,,4259.0,,
2011,Croatia,HRV,T-ACCI-CAS,Road casualties (injured + killed),2011.0,PER,Persons,0.0,Units,,,18483.0,,
2011,Poland,POL,T-ACCI-CAS,Road casualties (injured + killed),2011.0,PER,Persons,0.0,Units,,,53690.0,,
2011,United Kingdom,GBR,T-ACCI-CAS,Road casualties (injured + killed),2011.0,PER,Persons,0.0,Units,,,212710.0,,
2011,France,FRA,T-ACCI-CAS,Road casualties (injured + killed),2011.0,PER,Persons,0.0,Units,,,85214.0,,
2011,Korea,KOR,T-ACCI-CAS,Road casualties (injured + killed),2011.0,PER,Persons,0.0,Units,,,346620.0,,
2011,Italy,ITA,T-ACCI-CAS,Road casualties (injured + killed),2011.0,PER,Persons,0.0,Units,,,295879.0,,
2011,New Zealand,NZL,T-ACCI-CAS,Road casualties (injured + killed),2011.0,PER,Persons,0.0,Units,,,12960.0,,
2011,Czech Republic,CZE,T-ACCI-CAS,Road casualties (injured + killed),2011.0,PER,Persons,0.0,Units,,,26322.0,,
2011,India,IND,T-ACCI-CAS,Road casualties (injured + killed),2011.0,PER,Persons,0.0,Units,,,653897.0,,
2011,Türkiye,TUR,T-ACCI-CAS,Road casualties (injured + killed),2011.0,PER,Persons,0.0,Units,,,241909.0,,
2011,Lithuania,LTU,T-ACCI-CAS,Road casualties (injured + killed),2011.0,PER,Persons,0.0,Units,,,4215.0,,
2011,Belgium,BEL,T-ACCI-CAS,Road casualties (injured + killed),2011.0,PER,Persons,0.0,Units,,,62195.0,,
2011,Slovak Republic,SVK,T-ACCI-CAS,Road casualties (injured + killed),2011.0,PER,Persons,0.0,Units,,,7382.0,,
2012,Slovenia,SVN,T-ACCI-CAS,Road casualties (injured + killed),2012.0,PER,Persons,0.0,Units,,,9278.0,,
2012,Portugal,PRT,T-ACCI-CAS,Road casualties (injured + killed),2012.0,PER,Persons,0.0,Units,,,38823.0,,
2012,Finland,FIN,T-ACCI-CAS,Road casualties (injured + killed),2012.0,PER,Persons,0.0,Units,,,7343.0,,
2012,United States,USA,T-ACCI-CAS,Road casualties (injured + killed),2012.0,PER,Persons,0.0,Units,,,2396000.0,E,Estimated value
2012,Japan,JPN,T-ACCI-CAS,Road casualties (injured + killed),2012.0,PER,Persons,0.0,Units,,,829830.0,,
2012,Canada,CAN,T-ACCI-CAS,Road casualties (injured + killed),2012.0,PER,Persons,0.0,Units,,,168802.0,,
2012,Sweden,SWE,T-ACCI-CAS,Road casualties (injured + killed),2012.0,PER,Persons,0.0,Units,,,23110.0,,
2012,Norway,NOR,T-ACCI-CAS,Road casualties (injured + killed),2012.0,PER,Persons,0.0,Units,,,8340.0,,
2012,Hungary,HUN,T-ACCI-CAS,Road casualties (injured + killed),2012.0,PER,Persons,0.0,Units,,,19584.0,,
2012,Iceland,ISL,T-ACCI-CAS,Road casualties (injured + killed),2012.0,PER,Persons,0.0,Units,,,1044.0,,
2012,Netherlands,,,,,,,,,,,,,
2012,Switzerland,CHE,T-ACCI-CAS,Road casualties (injured + killed),2012.0,PER,Persons,0.0,Units,,,22557.0,,
2012,Denmark,DNK,T-ACCI-CAS,Road casualties (injured + killed),2012.0,PER,Persons,0.0,Units,,,3778.0,,
2012,Croatia,HRV,T-ACCI-CAS,Road casualties (injured + killed),2012.0,PER,Persons,0.0,Units,,,16403.0,,
2012,Poland,POL,T-ACCI-CAS,Road casualties (injured + killed),2012.0,PER,Persons,0.0,Units,,,49369.0,,
2012,United Kingdom,GBR,T-ACCI-CAS,Road casualties (injured + killed),2012.0,PER,Persons,0.0,Units,,,204733.0,,
2012,France,FRA,T-ACCI-CAS,Road casualties (injured + killed),2012.0,PER,Persons,0.0,Units,,,79504.0,,
2012,Korea,KOR,T-ACCI-CAS,Road casualties (injured + killed),2012.0,PER,Persons,0.0,Units,,,349957.0,,
2012,Italy,ITA,T-ACCI-CAS,Road casualties (injured + killed),2012.0,PER,Persons,0.0,Units,,,270617.0,,
2012,New Zealand,NZL,T-ACCI-CAS,Road casualties (injured + killed),2012.0,PER,Persons,0.0,Units,,,12528.0,,
2012,Czech Republic,CZE,T-ACCI-CAS,Road casualties (injured + killed),2012.0,PER,Persons,0.0,Units,,,26257.0,,
2012,India,IND,T-ACCI-CAS,Road casualties (injured + killed),2012.0,PER,Persons,0.0,Units,,,647925.0,,
2012,Türkiye,TUR,T-ACCI-CAS,Road casualties (injured + killed),2012.0,PER,Persons,0.0,Units,,,271829.0,,
2012,Lithuania,LTU,T-ACCI-CAS,Road casualties (injured + killed),2012.0,PER,Persons,0.0,Units,,,4253.0,,
2012,Belgium,BEL,T-ACCI-CAS,Road casualties (injured + killed),2012.0,PER,Persons,0.0,Units,,,57146.0,,
2012,Slovak Republic,SVK,T-ACCI-CAS,Road casualties (injured + killed),2012.0,PER,Persons,0.0,Units,,,6790.0,,
2013,Slovenia,SVN,T-ACCI-CAS,Road casualties (injured + killed),2013.0,PER,Persons,0.0,Units,,,8867.0,,
2013,Portugal,PRT,T-ACCI-CAS,Road casualties (injured + killed),2013.0,PER,Persons,0.0,Units,,,39390.0,,
2013,Finland,FIN,T-ACCI-CAS,Road casualties (injured + killed),2013.0,PER,Persons,0.0,Units,,,6939.0,,
2013,United States,USA,T-ACCI-CAS,Road casualties (injured + killed),2013.0,PER,Persons,0.0,Units,,,2346000.0,E,Estimated value
2013,Japan,JPN,T-ACCI-CAS,Road casualties (injured + killed),2013.0,PER,Persons,0.0,Units,,,785880.0,,
2013,Canada,CAN,T-ACCI-CAS,Road casualties (injured + killed),2013.0,PER,Persons,0.0,Units,,,166476.0,,
2013,Sweden,SWE,T-ACCI-CAS,Road casualties (injured + killed),2013.0,PER,Persons,0.0,Units,,,20522.0,,
2013,Norway,NOR,T-ACCI-CAS,Road casualties (injured + killed),2013.0,PER,Persons,0.0,Units,,,7029.0,,
2013,Hungary,HUN,T-ACCI-CAS,Road casualties (injured + killed),2013.0,PER,Persons,0.0,Units,,,20681.0,,
2013,Iceland,ISL,T-ACCI-CAS,Road casualties (injured + killed),2013.0,PER,Persons,0.0,Units,,,1232.0,,
2013,Netherlands,,,,,,,,,,,,,
2013,Switzerland,CHE,T-ACCI-CAS,Road casualties (injured + killed),2013.0,PER,Persons,0.0,Units,,,21648.0,,
2013,Denmark,DNK,T-ACCI-CAS,Road casualties (injured + killed),2013.0,PER,Persons,0.0,Units,,,3585.0,,
2013,Croatia,HRV,T-ACCI-CAS,Road casualties (injured + killed),2013.0,PER,Persons,0.0,Units,,,15642.0,,
2013,Poland,POL,T-ACCI-CAS,Road casualties (injured + killed),2013.0,PER,Persons,0.0,Units,,,47416.0,,
2013,United Kingdom,GBR,T-ACCI-CAS,Road casualties (injured + killed),2013.0,PER,Persons,0.0,Units,,,192693.0,,
2013,France,FRA,T-ACCI-CAS,Road casualties (injured + killed),2013.0,PER,Persons,0.0,Units,,,73875.0,,
2013,Korea,KOR,T-ACCI-CAS,Road casualties (injured + killed),2013.0,PER,Persons,0.0,Units,,,333803.0,,
2013,Italy,ITA,T-ACCI-CAS,Road casualties (injured + killed),2013.0,PER,Persons,0.0,Units,,,261494.0,,
2013,New Zealand,NZL,T-ACCI-CAS,Road casualties (injured + killed),2013.0,PER,Persons,0.0,Units,,,12187.0,,
2013,Czech Republic,CZE,T-ACCI-CAS,Road casualties (injured + killed),2013.0,PER,Persons,0.0,Units,,,25942.0,,
2013,India,IND,T-ACCI-CAS,Road casualties (injured + killed),2013.0,PER,Persons,0.0,Units,,,632465.0,,
2013,Türkiye,TUR,T-ACCI-CAS,Road casualties (injured + killed),2013.0,PER,Persons,0.0,Units,,,278514.0,,
2013,Lithuania,LTU,T-ACCI-CAS,Road casualties (injured + killed),2013.0,PER,Persons,0.0,Units,,,4263.0,,
2013,Belgium,BEL,T-ACCI-CAS,Road casualties (injured + killed),2013.0,PER,Persons,0.0,Units,,,53876.0,,
2013,Slovak Republic,SVK,T-ACCI-CAS,Road casualties (injured + killed),2013.0,PER,Persons,0.0,Units,,,6562.0,,
2014,Slovenia,SVN,T-ACCI-CAS,Road casualties (injured + killed),2014.0,PER,Persons,0.0,Units,,,8328.0,,
2014,Portugal,PRT,T-ACCI-CAS,Road casualties (injured + killed),2014.0,PER,Persons,0.0,Units,,,39653.0,,
2014,Finland,FIN,T-ACCI-CAS,Road casualties (injured + killed),2014.0,PER,Persons,0.0,Units,,,6934.0,,
2014,United States,USA,T-ACCI-CAS,Road casualties (injured + killed),2014.0,PER,Persons,0.0,Units,,,2371000.0,E,Estimated value
2014,Japan,JPN,T-ACCI-CAS,Road casualties (injured + killed),2014.0,PER,Persons,0.0,Units,,,715487.0,,
2014,Canada,CAN,T-ACCI-CAS,Road casualties (injured + killed),2014.0,PER,Persons,0.0,Units,,,158398.0,,
2014,Sweden,SWE,T-ACCI-CAS,Road casualties (injured + killed),2014.0,PER,Persons,0.0,Units,,,17795.0,,
2014,Norway,NOR,T-ACCI-CAS,Road casualties (injured + killed),2014.0,PER,Persons,0.0,Units,,,6438.0,,
2014,Hungary,HUN,T-ACCI-CAS,Road casualties (injured + killed),2014.0,PER,Persons,0.0,Units,,,20750.0,,
2014,Iceland,ISL,T-ACCI-CAS,Road casualties (injured + killed),2014.0,PER,Persons,0.0,Units,,,1172.0,,
2014,Netherlands,,,,,,,,,,,,,
2014,Switzerland,CHE,T-ACCI-CAS,Road casualties (injured + killed),2014.0,PER,Persons,0.0,Units,,,21764.0,,
2014,Denmark,DNK,T-ACCI-CAS,Road casualties (injured + killed),2014.0,PER,Persons,0.0,Units,,,3375.0,,
2014,Croatia,HRV,T-ACCI-CAS,Road casualties (injured + killed),2014.0,PER,Persons,0.0,Units,,,14530.0,,
2014,Poland,POL,T-ACCI-CAS,Road casualties (injured + killed),2014.0,PER,Persons,0.0,Units,,,45747.0,,
2014,United Kingdom,GBR,T-ACCI-CAS,Road casualties (injured + killed),2014.0,PER,Persons,0.0,Units,,,203865.0,,
2014,France,FRA,T-ACCI-CAS,Road casualties (injured + killed),2014.0,PER,Persons,0.0,Units,,,76432.0,,
2014,Korea,KOR,T-ACCI-CAS,Road casualties (injured + killed),2014.0,PER,Persons,0.0,Units,,,342259.0,,
2014,Italy,ITA,T-ACCI-CAS,Road casualties (injured + killed),2014.0,PER,Persons,0.0,Units,,,254528.0,,
2014,New Zealand,NZL,T-ACCI-CAS,Road casualties (injured + killed),2014.0,PER,Persons,0.0,Units,,,11595.0,,
2014,Czech Republic,CZE,T-ACCI-CAS,Road casualties (injured + killed),2014.0,PER,Persons,0.0,Units,,,27046.0,,
2014,India,IND,T-ACCI-CAS,Road casualties (injured + killed),2014.0,PER,Persons,0.0,Units,,,633145.0,,
2014,Türkiye,TUR,T-ACCI-CAS,Road casualties (injured + killed),2014.0,PER,Persons,0.0,Units,,,288583.0,,
2014,Lithuania,LTU,T-ACCI-CAS,Road casualties (injured + killed),2014.0,PER,Persons,0.0,Units,,,4014.0,,
2014,Belgium,BEL,T-ACCI-CAS,Road casualties (injured + killed),2014.0,PER,Persons,0.0,Units,,,53982.0,,
2014,Slovak Republic,SVK,T-ACCI-CAS,Road casualties (injured + killed),2014.0,PER,Persons,0.0,Units,,,6912.0,,
2015,Slovenia,SVN,T-ACCI-CAS,Road casualties (injured + killed),2015.0,PER,Persons,0.0,Units,,,8830.0,,
2015,Portugal,PRT,T-ACCI-CAS,Road casualties (injured + killed),2015.0,PER,Persons,0.0,Units,,,41549.0,,
2015,Finland,FIN,T-ACCI-CAS,Road casualties (injured + killed),2015.0,PER,Persons,0.0,Units,,,6678.0,,
2015,United States,USA,T-ACCI-CAS,Road casualties (injured + killed),2015.0,PER,Persons,0.0,Units,,,2478000.0,E,Estimated value
2015,Japan,JPN,T-ACCI-CAS,Road casualties (injured + killed),2015.0,PER,Persons,0.0,Units,,,670140.0,,
2015,Canada,CAN,T-ACCI-CAS,Road casualties (injured + killed),2015.0,PER,Persons,0.0,Units,,,162693.0,,
2015,Sweden,SWE,T-ACCI-CAS,Road casualties (injured + killed),2015.0,PER,Persons,0.0,Units,,,19902.0,,
2015,Norway,NOR,T-ACCI-CAS,Road casualties (injured + killed),2015.0,PER,Persons,0.0,Units,,,5804.0,,
2015,Hungary,HUN,T-ACCI-CAS,Road casualties (injured + killed),2015.0,PER,Persons,0.0,Units,,,21543.0,,
2015,Iceland,ISL,T-ACCI-CAS,Road casualties (injured + killed),2015.0,PER,Persons,0.0,Units,,,1324.0,,
2015,Netherlands,,,,,,,,,,,,,
2015,Switzerland,CHE,T-ACCI-CAS,Road casualties (injured + killed),2015.0,PER,Persons,0.0,Units,,,21791.0,,
2015,Denmark,DNK,T-ACCI-CAS,Road casualties (injured + killed),2015.0,PER,Persons,0.0,Units,,,3334.0,,
2015,Croatia,HRV,T-ACCI-CAS,Road casualties (injured + killed),2015.0,PER,Persons,0.0,Units,,,15372.0,,
2015,Poland,POL,T-ACCI-CAS,Road casualties (injured + killed),2015.0,PER,Persons,0.0,Units,,,42716.0,,
2015,United Kingdom,GBR,T-ACCI-CAS,Road casualties (injured + killed),2015.0,PER,Persons,0.0,Units,,,195926.0,,
2015,France,FRA,T-ACCI-CAS,Road casualties (injured + killed),2015.0,PER,Persons,0.0,Units,,,74263.0,,
2015,Korea,KOR,T-ACCI-CAS,Road casualties (injured + killed),2015.0,PER,Persons,0.0,Units,,,355021.0,,
2015,Italy,ITA,T-ACCI-CAS,Road casualties (injured + killed),2015.0,PER,Persons,0.0,Units,,,250348.0,,
2015,New Zealand,NZL,T-ACCI-CAS,Road casualties (injured + killed),2015.0,PER,Persons,0.0,Units,,,12665.0,,
2015,Czech Republic,CZE,T-ACCI-CAS,Road casualties (injured + killed),2015.0,PER,Persons,0.0,Units,,,27704.0,,
2015,India,IND,T-ACCI-CAS,Road casualties (injured + killed),2015.0,PER,Persons,0.0,Units,,,646412.0,,
2015,Türkiye,TUR,T-ACCI-CAS,Road casualties (injured + killed),2015.0,PER,Persons,0.0,Units,,,311951.0,B,Break
2015,Lithuania,LTU,T-ACCI-CAS,Road casualties (injured + killed),2015.0,PER,Persons,0.0,Units,,,3836.0,,
2015,Belgium,BEL,T-ACCI-CAS,Road casualties (injured + killed),2015.0,PER,Persons,0.0,Units,,,52593.0,,
2015,Slovak Republic,SVK,T-ACCI-CAS,Road casualties (injured + killed),2015.0,PER,Persons,0.0,Units,,,7059.0,,
2016,Slovenia,SVN,T-ACCI-CAS,Road casualties (injured + killed),2016.0,PER,Persons,0.0,Units,,,8586.0,,
2016,Portugal,PRT,T-ACCI-CAS,Road casualties (injured + killed),2016.0,PER,Persons,0.0,Units,,,41668.0,,
2016,Finland,FIN,T-ACCI-CAS,Road casualties (injured + killed),2016.0,PER,Persons,0.0,Units,,,6169.0,,
2016,United States,USA,T-ACCI-CAS,Road casualties (injured + killed),2016.0,PER,Persons,0.0,Units,,,3098000.0,B,Break
2016,Japan,JPN,T-ACCI-CAS,Road casualties (injured + killed),2016.0,PER,Persons,0.0,Units,,,622757.0,,
2016,Canada,CAN,T-ACCI-CAS,Road casualties (injured + killed),2016.0,PER,Persons,0.0,Units,,,160754.0,,
2016,Sweden,SWE,T-ACCI-CAS,Road casualties (injured + killed),2016.0,PER,Persons,0.0,Units,,,18933.0,,
2016,Norway,NOR,T-ACCI-CAS,Road casualties (injured + killed),2016.0,PER,Persons,0.0,Units,,,5674.0,,
2016,Hungary,HUN,T-ACCI-CAS,Road casualties (injured + killed),2016.0,PER,Persons,0.0,Units,,,21936.0,,
2016,Iceland,ISL,T-ACCI-CAS,Road casualties (injured + killed),2016.0,PER,Persons,0.0,Units,,,1429.0,,
2016,Netherlands,,,,,,,,,,,,,
2016,Switzerland,CHE,T-ACCI-CAS,Road casualties (injured + killed),2016.0,PER,Persons,0.0,Units,,,21608.0,,
2016,Denmark,DNK,T-ACCI-CAS,Road casualties (injured + killed),2016.0,PER,Persons,0.0,Units,,,3439.0,,
2016,Croatia,HRV,T-ACCI-CAS,Road casualties (injured + killed),2016.0,PER,Persons,0.0,Units,,,14903.0,,
2016,Poland,POL,T-ACCI-CAS,Road casualties (injured + killed),2016.0,PER,Persons,0.0,Units,,,43792.0,,
2016,United Kingdom,GBR,T-ACCI-CAS,Road casualties (injured + killed),2016.0,PER,Persons,0.0,Units,,,190975.0,,
2016,France,FRA,T-ACCI-CAS,Road casualties (injured + killed),2016.0,PER,Persons,0.0,Units,,,76122.0,,
2016,Korea,KOR,T-ACCI-CAS,Road casualties (injured + killed),2016.0,PER,Persons,0.0,Units,,,336012.0,,
2016,Italy,ITA,T-ACCI-CAS,Road casualties (injured + killed),2016.0,PER,Persons,0.0,Units,,,252458.0,,
2016,New Zealand,NZL,T-ACCI-CAS,Road casualties (injured + killed),2016.0,PER,Persons,0.0,Units,,,13108.0,,
2016,Czech Republic,CZE,T-ACCI-CAS,Road casualties (injured + killed),2016.0,PER,Persons,0.0,Units,,,27692.0,,
2016,India,IND,T-ACCI-CAS,Road casualties (injured + killed),2016.0,PER,Persons,0.0,Units,,,645409.0,,
2016,Türkiye,TUR,T-ACCI-CAS,Road casualties (injured + killed),2016.0,PER,Persons,0.0,Units,,,311112.0,,
2016,Lithuania,LTU,T-ACCI-CAS,Road casualties (injured + killed),2016.0,PER,Persons,0.0,Units,,,3941.0,,
2016,Belgium,BEL,T-ACCI-CAS,Road casualties (injured + killed),2016.0,PER,Persons,0.0,Units,,,51928.0,,
2016,Slovak Republic,SVK,T-ACCI-CAS,Road casualties (injured + killed),2016.0,PER,Persons,0.0,Units,,,7216.0,,
2017,Slovenia,SVN,T-ACCI-CAS,Road casualties (injured + killed),2017.0,PER,Persons,0.0,Units,,,8005.0,,
2017,Portugal,PRT,T-ACCI-CAS,Road casualties (injured + killed),2017.0,PER,Persons,0.0,Units,,,44495.0,,
2017,Finland,FIN,T-ACCI-CAS,Road casualties (injured + killed),2017.0,PER,Persons,0.0,Units,,,5812.0,,
2017,United States,USA,T-ACCI-CAS,Road casualties (injured + killed),2017.0,PER,Persons,0.0,Units,,,2783000.0,E,Estimated value
2017,Japan,JPN,T-ACCI-CAS,Road casualties (injured + killed),2017.0,PER,Persons,0.0,Units,,,584545.0,,
2017,Canada,CAN,T-ACCI-CAS,Road casualties (injured + killed),2017.0,PER,Persons,0.0,Units,,,154634.0,,
2017,Sweden,SWE,T-ACCI-CAS,Road casualties (injured + killed),2017.0,PER,Persons,0.0,Units,,,19914.0,,
2017,Norway,NOR,T-ACCI-CAS,Road casualties (injured + killed),2017.0,PER,Persons,0.0,Units,,,5368.0,,
2017,Hungary,HUN,T-ACCI-CAS,Road casualties (injured + killed),2017.0,PER,Persons,0.0,Units,,,22076.0,,
2017,Iceland,ISL,T-ACCI-CAS,Road casualties (injured + killed),2017.0,PER,Persons,0.0,Units,,,1387.0,,
2017,Netherlands,,,,,,,,,,,,,
2017,Switzerland,CHE,T-ACCI-CAS,Road casualties (injured + killed),2017.0,PER,Persons,0.0,Units,,,21643.0,,
2017,Denmark,DNK,T-ACCI-CAS,Road casualties (injured + killed),2017.0,PER,Persons,0.0,Units,,,3318.0,,
2017,Croatia,HRV,T-ACCI-CAS,Road casualties (injured + killed),2017.0,PER,Persons,0.0,Units,,,14939.0,,
2017,Poland,POL,T-ACCI-CAS,Road casualties (injured + killed),2017.0,PER,Persons,0.0,Units,,,42297.0,,
2017,United Kingdom,GBR,T-ACCI-CAS,Road casualties (injured + killed),2017.0,PER,Persons,0.0,Units,,,180177.0,,
2017,France,FRA,T-ACCI-CAS,Road casualties (injured + killed),2017.0,PER,Persons,0.0,Units,,,76832.0,,
2017,Korea,KOR,T-ACCI-CAS,Road casualties (injured + killed),2017.0,PER,Persons,0.0,Units,,,327014.0,,
2017,Italy,ITA,T-ACCI-CAS,Road casualties (injured + killed),2017.0,PER,Persons,0.0,Units,,,250128.0,,
2017,New Zealand,NZL,T-ACCI-CAS,Road casualties (injured + killed),2017.0,PER,Persons,0.0,Units,,,14417.0,,
2017,Czech Republic,CZE,T-ACCI-CAS,Road casualties (injured + killed),2017.0,PER,Persons,0.0,Units,,,27656.0,,
2017,India,IND,T-ACCI-CAS,Road casualties (injured + killed),2017.0,PER,Persons,0.0,Units,,,618888.0,,
2017,Türkiye,TUR,T-ACCI-CAS,Road casualties (injured + killed),2017.0,PER,Persons,0.0,Units,,,307810.0,,
2017,Lithuania,LTU,T-ACCI-CAS,Road casualties (injured + killed),2017.0,PER,Persons,0.0,Units,,,3752.0,,
2017,Belgium,BEL,T-ACCI-CAS,Road casualties (injured + killed),2017.0,PER,Persons,0.0,Units,,,49081.0,,
2017,Slovak Republic,SVK,T-ACCI-CAS,Road casualties (injured + killed),2017.0,PER,Persons,0.0,Units,,,7160.0,,
2018,Slovenia,SVN,T-ACCI-CAS,Road casualties (injured + killed),2018.0,PER,Persons,0.0,Units,,,7779.0,,
2018,Portugal,PRT,T-ACCI-CAS,Road casualties (injured + killed),2018.0,PER,Persons,0.0,Units,,,46034.0,B,Break
2018,Finland,FIN,T-ACCI-CAS,Road casualties (injured + killed),2018.0,PER,Persons,0.0,Units,,,5542.0,,
2018,United States,USA,T-ACCI-CAS,Road casualties (injured + killed),2018.0,PER,Persons,0.0,Units,,,2747000.0,P; E,Provisional value; Estimated value
2018,Japan,JPN,T-ACCI-CAS,Road casualties (injured + killed),2018.0,PER,Persons,0.0,Units,,,529378.0,,
2018,Canada,CAN,T-ACCI-CAS,Road casualties (injured + killed),2018.0,PER,Persons,0.0,Units,,,151004.0,,
2018,Sweden,SWE,T-ACCI-CAS,Road casualties (injured + killed),2018.0,PER,Persons,0.0,Units,,,18825.0,,
2018,Norway,NOR,T-ACCI-CAS,Road casualties (injured + killed),2018.0,PER,Persons,0.0,Units,,,5049.0,,
2018,Hungary,HUN,T-ACCI-CAS,Road casualties (injured + killed),2018.0,PER,Persons,0.0,Units,,,22632.0,,
2018,Iceland,ISL,T-ACCI-CAS,Road casualties (injured + killed),2018.0,PER,Persons,0.0,Units,,,1289.0,,
2018,Netherlands,,,,,,,,,,,,,
2018,Switzerland,CHE,T-ACCI-CAS,Road casualties (injured + killed),2018.0,PER,Persons,0.0,Units,,,22064.0,,
2018,Denmark,DNK,T-ACCI-CAS,Road casualties (injured + killed),2018.0,PER,Persons,0.0,Units,,,3458.0,,
2018,Croatia,HRV,T-ACCI-CAS,Road casualties (injured + killed),2018.0,PER,Persons,0.0,Units,,,14306.0,,
2018,Poland,POL,T-ACCI-CAS,Road casualties (injured + killed),2018.0,PER,Persons,0.0,Units,,,40221.0,,
2018,United Kingdom,GBR,T-ACCI-CAS,Road casualties (injured + killed),2018.0,PER,Persons,0.0,Units,,,169137.0,,
2018,France,FRA,T-ACCI-CAS,Road casualties (injured + killed),2018.0,PER,Persons,0.0,Units,,,73135.0,,
2018,Korea,KOR,T-ACCI-CAS,Road casualties (injured + killed),2018.0,PER,Persons,0.0,Units,,,326818.0,,
2018,Italy,ITA,T-ACCI-CAS,Road casualties (injured + killed),2018.0,PER,Persons,0.0,Units,,,245946.0,,
2018,New Zealand,NZL,T-ACCI-CAS,Road casualties (injured + killed),2018.0,PER,Persons,0.0,Units,,,15076.0,,
2018,Czech Republic,CZE,T-ACCI-CAS,Road casualties (injured + killed),2018.0,PER,Persons,0.0,Units,,,28336.0,,
2018,India,,,,,,,,,,,,,
2018,Türkiye,TUR,T-ACCI-CAS,Road casualties (injured + killed),2018.0,PER,Persons,0.0,Units,,,313746.0,,
2018,Lithuania,LTU,T-ACCI-CAS,Road casualties (injured + killed),2018.0,PER,Persons,0.0,Units,,,3563.0,,
2018,Belgium,BEL,T-ACCI-CAS,Road casualties (injured + killed),2018.0,PER,Persons,0.0,Units,,,49357.0,,
2018,Slovak Republic,SVK,T-ACCI-CAS,Road casualties (injured + killed),2018.0,PER,Persons,0.0,Units,,,7175.0,,
2019,Slovenia,SVN,T-ACCI-CAS,Road casualties (injured + killed),2019.0,PER,Persons,0.0,Units,,,7672.0,,
2019,Portugal,PRT,T-ACCI-CAS,Road casualties (injured + killed),2019.0,PER,Persons,0.0,Units,,,48025.0,,
2019,Finland,FIN,T-ACCI-CAS,Road casualties (injured + killed),2019.0,PER,Persons,0.0,Units,,,5224.0,,
2019,United States,,,,,,,,,,,,,
2019,Japan,JPN,T-ACCI-CAS,Road casualties (injured + killed),2019.0,PER,Persons,0.0,Units,,,464990.0,,
2019,Canada,CAN,T-ACCI-CAS,Road casualties (injured + killed),2019.0,PER,Persons,0.0,Units,,,142563.0,,
2019,Sweden,SWE,T-ACCI-CAS,Road casualties (injured + killed),2019.0,PER,Persons,0.0,Units,,,17940.0,,
2019,Norway,NOR,T-ACCI-CAS,Road casualties (injured + killed),2019.0,PER,Persons,0.0,Units,,,4466.0,,
2019,Hungary,HUN,T-ACCI-CAS,Road casualties (injured + killed),2019.0,PER,Persons,0.0,Units,,,22198.0,,
2019,Iceland,ISL,T-ACCI-CAS,Road casualties (injured + killed),2019.0,PER,Persons,0.0,Units,,,1136.0,,
2019,Netherlands,,,,,,,,,,,,,
2019,Switzerland,CHE,T-ACCI-CAS,Road casualties (injured + killed),2019.0,PER,Persons,0.0,Units,,,21467.0,,
2019,Denmark,DNK,T-ACCI-CAS,Road casualties (injured + killed),2019.0,PER,Persons,0.0,Units,,,3275.0,,
2019,Croatia,HRV,T-ACCI-CAS,Road casualties (injured + killed),2019.0,PER,Persons,0.0,Units,,,13182.0,,
2019,Poland,POL,T-ACCI-CAS,Road casualties (injured + killed),2019.0,PER,Persons,0.0,Units,,,38386.0,,
2019,United Kingdom,GBR,T-ACCI-CAS,Road casualties (injured + killed),2019.0,PER,Persons,0.0,Units,,,162030.0,,
2019,France,FRA,T-ACCI-CAS,Road casualties (injured + killed),2019.0,PER,Persons,0.0,Units,,,73734.0,,
2019,Korea,KOR,T-ACCI-CAS,Road casualties (injured + killed),2019.0,PER,Persons,0.0,Units,,,345061.0,,
2019,Italy,ITA,T-ACCI-CAS,Road casualties (injured + killed),2019.0,PER,Persons,0.0,Units,,,244557.0,,
2019,New Zealand,NZL,T-ACCI-CAS,Road casualties (injured + killed),2019.0,PER,Persons,0.0,Units,,,15101.0,,
2019,Czech Republic,CZE,T-ACCI-CAS,Road casualties (injured + killed),2019.0,PER,Persons,0.0,Units,,,26663.0,,
2019,India,,,,,,,,,,,,,
2019,Türkiye,TUR,T-ACCI-CAS,Road casualties (injured + killed),2019.0,PER,Persons,0.0,Units,,,288707.0,,
2019,Lithuania,LTU,T-ACCI-CAS,Road casualties (injured + killed),2019.0,PER,Persons,0.0,Units,,,3955.0,,
2019,Belgium,BEL,T-ACCI-CAS,Road casualties (injured + killed),2019.0,PER,Persons,0.0,Units,,,47832.0,,
2019,Slovak Republic,SVK,T-ACCI-CAS,Road casualties (injured + killed),2019.0,PER,Persons,0.0,Units,,,6835.0,,
2020,Slovenia,SVN,T-ACCI-CAS,Road casualties (injured + killed),2020.0,PER,Persons,0.0,Units,,,5775.0,,
2020,Portugal,PRT,T-ACCI-CAS,Road casualties (injured + killed),2020.0,PER,Persons,0.0,Units,,,34471.0,,
2020,Finland,FIN,T-ACCI-CAS,Road casualties (injured + killed),2020.0,PER,Persons,0.0,Units,,,4634.0,,
2020,United States,,,,,,,,,,,,,
2020,Japan,JPN,T-ACCI-CAS,Road casualties (injured + killed),2020.0,PER,Persons,0.0,Units,,,372315.0,,
2020,Canada,CAN,T-ACCI-CAS,Road casualties (injured + killed),2020.0,PER,Persons,0.0,Units,,,103317.0,P,Provisional value
2020,Sweden,SWE,T-ACCI-CAS,Road casualties (injured + killed),2020.0,PER,Persons,0.0,Units,,,15558.0,,
2020,Norway,NOR,T-ACCI-CAS,Road casualties (injured + killed),2020.0,PER,Persons,0.0,Units,,,4529.0,,
2020,Hungary,HUN,T-ACCI-CAS,Road casualties (injured + killed),2020.0,PER,Persons,0.0,Units,,,18176.0,,
2020,Iceland,ISL,T-ACCI-CAS,Road casualties (injured + killed),2020.0,PER,Persons,0.0,Units,,,1015.0,,
2020,Netherlands,,,,,,,,,,,,,
2020,Switzerland,CHE,T-ACCI-CAS,Road casualties (injured + killed),2020.0,PER,Persons,0.0,Units,,,20022.0,,
2020,Denmark,,,,,,,,,,,,,
2020,Croatia,HRV,T-ACCI-CAS,Road casualties (injured + killed),2020.0,PER,Persons,0.0,Units,,,10272.0,,
2020,Poland,POL,T-ACCI-CAS,Road casualties (injured + killed),2020.0,PER,Persons,0.0,Units,,,28954.0,,
2020,United Kingdom,GBR,T-ACCI-CAS,Road casualties (injured + killed),2020.0,PER,Persons,0.0,Units,,,122071.0,,
2020,France,FRA,T-ACCI-CAS,Road casualties (injured + killed),2020.0,PER,Persons,0.0,Units,,,58377.0,,
2020,Korea,KOR,T-ACCI-CAS,Road casualties (injured + killed),2020.0,PER,Persons,0.0,Units,,,309275.0,,
2020,Italy,ITA,T-ACCI-CAS,Road casualties (injured + killed),2020.0,PER,Persons,0.0,Units,,,161644.0,,
2020,New Zealand,NZL,T-ACCI-CAS,Road casualties (injured + killed),2020.0,PER,Persons,0.0,Units,,,13192.0,,
2020,Czech Republic,CZE,T-ACCI-CAS,Road casualties (injured + killed),2020.0,PER,Persons,0.0,Units,,,23205.0,,
2020,India,,,,,,,,,,,,,
2020,Türkiye,TUR,T-ACCI-CAS,Road casualties (injured + killed),2020.0,PER,Persons,0.0,Units,,,231132.0,,
2020,Lithuania,LTU,T-ACCI-CAS,Road casualties (injured + killed),2020.0,PER,Persons,0.0,Units,,,3350.0,,
2020,Belgium,BEL,T-ACCI-CAS,Road casualties (injured + killed),2020.0,PER,Persons,0.0,Units,,,37150.0,,
2020,Slovak Republic,SVK,T-ACCI-CAS,Road casualties (injured + killed),2020.0,PER,Persons,0.0,Units,,,5623.0,,
2021,Slovenia,SVN,T-ACCI-CAS,Road casualties (injured + killed),2021.0,PER,Persons,0.0,Units,,,6552.0,,
2021,Portugal,,,,,,,,,,,,,
2021,Finland,FIN,T-ACCI-CAS,Road casualties (injured + killed),2021.0,PER,Persons,0.0,Units,,,4087.0,P,Provisional value
2021,United States,,,,,,,,,,,,,
2021,Japan,JPN,T-ACCI-CAS,Road casualties (injured + killed),2021.0,PER,Persons,0.0,Units,,,364767.0,,
2021,Canada,,,,,,,,,,,,,
2021,Sweden,SWE,T-ACCI-CAS,Road casualties (injured + killed),2021.0,PER,Persons,0.0,Units,,,16147.0,,
2021,Norway,NOR,T-ACCI-CAS,Road casualties (injured + killed),2021.0,PER,Persons,0.0,Units,,,4645.0,,
2021,Hungary,HUN,T-ACCI-CAS,Road casualties (injured + killed),2021.0,PER,Persons,0.0,Units,,,19143.0,,
2021,Iceland,ISL,T-ACCI-CAS,Road casualties (injured + killed),2021.0,PER,Persons,0.0,Units,,,1162.0,,
2021,Netherlands,,,,,,,,,,,,,
2021,Switzerland,CHE,T-ACCI-CAS,Road casualties (injured + killed),2021.0,PER,Persons,0.0,Units,,,20734.0,,
2021,Denmark,,,,,,,,,,,,,
2021,Croatia,HRV,T-ACCI-CAS,Road casualties (injured + killed),2021.0,PER,Persons,0.0,Units,,,12210.0,,
2021,Poland,POL,T-ACCI-CAS,Road casualties (injured + killed),2021.0,PER,Persons,0.0,Units,,,28660.0,,
2021,United Kingdom,GBR,T-ACCI-CAS,Road casualties (injured + killed),2021.0,PER,Persons,0.0,Units,,,135401.0,,
2021,France,FRA,T-ACCI-CAS,Road casualties (injured + killed),2021.0,PER,Persons,0.0,Units,,,70001.0,,
2021,Korea,KOR,T-ACCI-CAS,Road casualties (injured + killed),2021.0,PER,Persons,0.0,Units,,,294524.0,,
2021,Italy,ITA,T-ACCI-CAS,Road casualties (injured + killed),2021.0,PER,Persons,0.0,Units,,,207603.0,,
2021,New Zealand,NZL,T-ACCI-CAS,Road casualties (injured + killed),2021.0,PER,Persons,0.0,Units,,,13577.0,P,Provisional value
2021,Czech Republic,CZE,T-ACCI-CAS,Road casualties (injured + killed),2021.0,PER,Persons,0.0,Units,,,22737.0,,
2021,India,,,,,,,,,,,,,
2021,Türkiye,TUR,T-ACCI-CAS,Road casualties (injured + killed),2021.0,PER,Persons,0.0,Units,,,280007.0,,
2021,Lithuania,LTU,T-ACCI-CAS,Road casualties (injured + killed),2021.0,PER,Persons,0.0,Units,,,3429.0,,
2021,Belgium,BEL,T-ACCI-CAS,Road casualties (injured + killed),2021.0,PER,Persons,0.0,Units,,,42567.0,,
2021,Slovak Republic,SVK,T-ACCI-CAS,Road casualties (injured + killed),2021.0,PER,Persons,0.0,Units,,,5620.0,,
