Year,Country,COUNTRY,VARIABLE,Variable,MEASURE,Measure,YEAR,Unit Code,Unit,PowerCode Code,PowerCode,Reference Period Code,Reference Period,Value,Flag Codes,Flags
1995,Belgium,BEL,I-INV-RD,Road infrastructure investment,NAT,National currency,1995.0,EUR,Euro,0.0,Units,,,160000000.0,,
1995,Canada,CAN,I-INV-RD,Road infrastructure investment,NAT,National currency,1995.0,CAD,Canadian Dollar,0.0,Units,,,6419000000.0,,
1995,Croatia,HRV,I-INV-RD,Road infrastructure investment,NAT,National currency,1995.0,HRK,Croatian Kuna,0.0,Units,,,484000000.0,,
1995,Czech Republic,CZE,I-INV-RD,Road infrastructure investment,NAT,National currency,1995.0,CZK,Czech Koruna,0.0,Units,,,9802000000.0,,
1995,Denmark,DNK,I-INV-RD,Road infrastructure investment,NAT,National currency,1995.0,DKK,Danish Krone,0.0,Units,,,2578000000.0,,
1995,Finland,FIN,I-INV-RD,Road infrastructure investment,NAT,National currency,1995.0,EUR,Euro,0.0,Units,,,457000000.0,,
1995,France,FRA,I-INV-RD,Road infrastructure investment,NAT,National currency,1995.0,EUR,Euro,0.0,Units,,,10805267014.863,,
1995,Hungary,HUN,I-INV-RD,Road infrastructure investment,NAT,National currency,1995.0,HUF,Forint,0.0,Units,,,21574000000.0,,
1995,Iceland,ISL,I-INV-RD,Road infrastructure investment,NAT,National currency,1995.0,ISK,Iceland Krona,0.0,Units,,,6320000000.0,,
1995,India,,,,,,,,,,,,,,,
1995,Italy,ITA,I-INV-RD,Road infrastructure investment,NAT,National currency,1995.0,EUR,Euro,0.0,Units,,,4980000000.0,,
1995,Japan,JPN,I-INV-RD,Road infrastructure investment,NAT,National currency,1995.0,JPY,Yen,0.0,Units,,,8799796000000.0,,
1995,Korea,,,,,,,,,,,,,,,
1995,Lithuania,LTU,I-INV-RD,Road infrastructure investment,NAT,National currency,1995.0,EUR,Euro,0.0,Units,,,15000000.0,,
1995,Netherlands,,,,,,,,,,,,,,,
1995,New Zealand,,,,,,,,,,,,,,,
1995,Norway,NOR,I-INV-RD,Road infrastructure investment,NAT,National currency,1995.0,NOK,Norwegian Krone,0.0,Units,,,6847000000.0,,
1995,Poland,POL,I-INV-RD,Road infrastructure investment,NAT,National currency,1995.0,PLN,Zloty,0.0,Units,,,2024000000.0,,
1995,Portugal,PRT,I-INV-RD,Road infrastructure investment,NAT,National currency,1995.0,EUR,Euro,0.0,Units,,,737000000.0,,
1995,Slovak Republic,SVK,I-INV-RD,Road infrastructure investment,NAT,National currency,1995.0,EUR,Euro,0.0,Units,,,53000000.0,,
1995,Slovenia,SVN,I-INV-RD,Road infrastructure investment,NAT,National currency,1995.0,EUR,Euro,0.0,Units,,,186000000.0,,
1995,Sweden,SWE,I-INV-RD,Road infrastructure investment,NAT,National currency,1995.0,SEK,Swedish Krona,0.0,Units,,,8508000000.0,E,Estimated value
1995,Switzerland,CHE,I-INV-RD,Road infrastructure investment,NAT,National currency,1995.0,CHF,Swiss Franc,0.0,Units,,,3895000000.0,,
1995,Türkiye,TUR,I-INV-RD,Road infrastructure investment,NAT,National currency,1995.0,TRY,Turkish Lira,0.0,Units,,,41000000.0,,
1995,United Kingdom,GBR,I-INV-RD,Road infrastructure investment,NAT,National currency,1995.0,GBP,Pound Sterling,0.0,Units,,,4330000000.0,,
1995,United States,USA,I-INV-RD,Road infrastructure investment,NAT,National currency,1995.0,USD,US Dollar,0.0,Units,,,38800000000.0,,
1996,Belgium,BEL,I-INV-RD,Road infrastructure investment,NAT,National currency,1996.0,EUR,Euro,0.0,Units,,,159000000.0,,
1996,Canada,CAN,I-INV-RD,Road infrastructure investment,NAT,National currency,1996.0,CAD,Canadian Dollar,0.0,Units,,,5774000000.0,,
1996,Croatia,HRV,I-INV-RD,Road infrastructure investment,NAT,National currency,1996.0,HRK,Croatian Kuna,0.0,Units,,,932000000.0,,
1996,Czech Republic,CZE,I-INV-RD,Road infrastructure investment,NAT,National currency,1996.0,CZK,Czech Koruna,0.0,Units,,,10537000000.0,,
1996,Denmark,DNK,I-INV-RD,Road infrastructure investment,NAT,National currency,1996.0,DKK,Danish Krone,0.0,Units,,,2971000000.0,,
1996,Finland,FIN,I-INV-RD,Road infrastructure investment,NAT,National currency,1996.0,EUR,Euro,0.0,Units,,,429000000.0,,
1996,France,FRA,I-INV-RD,Road infrastructure investment,NAT,National currency,1996.0,EUR,Euro,0.0,Units,,,10947662218.866,,
1996,Hungary,HUN,I-INV-RD,Road infrastructure investment,NAT,National currency,1996.0,HUF,Forint,0.0,Units,,,23800000000.0,,
1996,Iceland,ISL,I-INV-RD,Road infrastructure investment,NAT,National currency,1996.0,ISK,Iceland Krona,0.0,Units,,,5842000000.0,,
1996,India,,,,,,,,,,,,,,,
1996,Italy,ITA,I-INV-RD,Road infrastructure investment,NAT,National currency,1996.0,EUR,Euro,0.0,Units,,,5052000000.0,,
1996,Japan,JPN,I-INV-RD,Road infrastructure investment,NAT,National currency,1996.0,JPY,Yen,0.0,Units,,,8643071000000.0,,
1996,Korea,,,,,,,,,,,,,,,
1996,Lithuania,LTU,I-INV-RD,Road infrastructure investment,NAT,National currency,1996.0,EUR,Euro,0.0,Units,,,24000000.0,,
1996,Netherlands,,,,,,,,,,,,,,,
1996,New Zealand,,,,,,,,,,,,,,,
1996,Norway,NOR,I-INV-RD,Road infrastructure investment,NAT,National currency,1996.0,NOK,Norwegian Krone,0.0,Units,,,6410000000.0,,
1996,Poland,POL,I-INV-RD,Road infrastructure investment,NAT,National currency,1996.0,PLN,Zloty,0.0,Units,,,617000000.0,B,Break
1996,Portugal,PRT,I-INV-RD,Road infrastructure investment,NAT,National currency,1996.0,EUR,Euro,0.0,Units,,,748000000.0,,
1996,Slovak Republic,SVK,I-INV-RD,Road infrastructure investment,NAT,National currency,1996.0,EUR,Euro,0.0,Units,,,79000000.0,,
1996,Slovenia,SVN,I-INV-RD,Road infrastructure investment,NAT,National currency,1996.0,EUR,Euro,0.0,Units,,,284000000.0,,
1996,Sweden,SWE,I-INV-RD,Road infrastructure investment,NAT,National currency,1996.0,SEK,Swedish Krona,0.0,Units,,,8631000000.0,,
1996,Switzerland,CHE,I-INV-RD,Road infrastructure investment,NAT,National currency,1996.0,CHF,Swiss Franc,0.0,Units,,,3793000000.0,,
1996,Türkiye,TUR,I-INV-RD,Road infrastructure investment,NAT,National currency,1996.0,TRY,Turkish Lira,0.0,Units,,,97000000.0,,
1996,United Kingdom,GBR,I-INV-RD,Road infrastructure investment,NAT,National currency,1996.0,GBP,Pound Sterling,0.0,Units,,,3958000000.0,,
1996,United States,USA,I-INV-RD,Road infrastructure investment,NAT,National currency,1996.0,USD,US Dollar,0.0,Units,,,40600000000.0,,
1997,Belgium,BEL,I-INV-RD,Road infrastructure investment,NAT,National currency,1997.0,EUR,Euro,0.0,Units,,,153000000.0,,
1997,Canada,CAN,I-INV-RD,Road infrastructure investment,NAT,National currency,1997.0,CAD,Canadian Dollar,0.0,Units,,,5457000000.0,,
1997,Croatia,HRV,I-INV-RD,Road infrastructure investment,NAT,National currency,1997.0,HRK,Croatian Kuna,0.0,Units,,,1288000000.0,,
1997,Czech Republic,CZE,I-INV-RD,Road infrastructure investment,NAT,National currency,1997.0,CZK,Czech Koruna,0.0,Units,,,13720000000.0,,
1997,Denmark,DNK,I-INV-RD,Road infrastructure investment,NAT,National currency,1997.0,DKK,Danish Krone,0.0,Units,,,2990000000.0,,
1997,Finland,FIN,I-INV-RD,Road infrastructure investment,NAT,National currency,1997.0,EUR,Euro,0.0,Units,,,436000000.0,,
1997,France,FRA,I-INV-RD,Road infrastructure investment,NAT,National currency,1997.0,EUR,Euro,0.0,Units,,,10819524890.238,,
1997,Hungary,HUN,I-INV-RD,Road infrastructure investment,NAT,National currency,1997.0,HUF,Forint,0.0,Units,,,63300000000.0,,
1997,Iceland,ISL,I-INV-RD,Road infrastructure investment,NAT,National currency,1997.0,ISK,Iceland Krona,0.0,Units,,,6549000000.0,,
1997,India,,,,,,,,,,,,,,,
1997,Italy,ITA,I-INV-RD,Road infrastructure investment,NAT,National currency,1997.0,EUR,Euro,0.0,Units,,,5144000000.0,,
1997,Japan,JPN,I-INV-RD,Road infrastructure investment,NAT,National currency,1997.0,JPY,Yen,0.0,Units,,,8347659000000.0,,
1997,Korea,,,,,,,,,,,,,,,
1997,Lithuania,LTU,I-INV-RD,Road infrastructure investment,NAT,National currency,1997.0,EUR,Euro,0.0,Units,,,40000000.0,,
1997,Netherlands,NLD,I-INV-RD,Road infrastructure investment,NAT,National currency,1997.0,EUR,Euro,0.0,Units,,,1122000000.0,,
1997,New Zealand,,,,,,,,,,,,,,,
1997,Norway,NOR,I-INV-RD,Road infrastructure investment,NAT,National currency,1997.0,NOK,Norwegian Krone,0.0,Units,,,6963000000.0,,
1997,Poland,POL,I-INV-RD,Road infrastructure investment,NAT,National currency,1997.0,PLN,Zloty,0.0,Units,,,844000000.0,,
1997,Portugal,PRT,I-INV-RD,Road infrastructure investment,NAT,National currency,1997.0,EUR,Euro,0.0,Units,,,970000000.0,,
1997,Slovak Republic,SVK,I-INV-RD,Road infrastructure investment,NAT,National currency,1997.0,EUR,Euro,0.0,Units,,,315000000.0,,
1997,Slovenia,SVN,I-INV-RD,Road infrastructure investment,NAT,National currency,1997.0,EUR,Euro,0.0,Units,,,293000000.0,,
1997,Sweden,SWE,I-INV-RD,Road infrastructure investment,NAT,National currency,1997.0,SEK,Swedish Krona,0.0,Units,,,7704000000.0,,
1997,Switzerland,CHE,I-INV-RD,Road infrastructure investment,NAT,National currency,1997.0,CHF,Swiss Franc,0.0,Units,,,3841000000.0,,
1997,Türkiye,TUR,I-INV-RD,Road infrastructure investment,NAT,National currency,1997.0,TRY,Turkish Lira,0.0,Units,,,209000000.0,,
1997,United Kingdom,GBR,I-INV-RD,Road infrastructure investment,NAT,National currency,1997.0,GBP,Pound Sterling,0.0,Units,,,3518000000.0,,
1997,United States,USA,I-INV-RD,Road infrastructure investment,NAT,National currency,1997.0,USD,US Dollar,0.0,Units,,,43000000000.0,,
1998,Belgium,BEL,I-INV-RD,Road infrastructure investment,NAT,National currency,1998.0,EUR,Euro,0.0,Units,,,152000000.0,,
1998,Canada,CAN,I-INV-RD,Road infrastructure investment,NAT,National currency,1998.0,CAD,Canadian Dollar,0.0,Units,,,5253000000.0,,
1998,Croatia,HRV,I-INV-RD,Road infrastructure investment,NAT,National currency,1998.0,HRK,Croatian Kuna,0.0,Units,,,2432000000.0,,
1998,Czech Republic,CZE,I-INV-RD,Road infrastructure investment,NAT,National currency,1998.0,CZK,Czech Koruna,0.0,Units,,,13515000000.0,,
1998,Denmark,DNK,I-INV-RD,Road infrastructure investment,NAT,National currency,1998.0,DKK,Danish Krone,0.0,Units,,,2908000000.0,,
1998,Finland,FIN,I-INV-RD,Road infrastructure investment,NAT,National currency,1998.0,EUR,Euro,0.0,Units,,,443000000.0,,
1998,France,FRA,I-INV-RD,Road infrastructure investment,NAT,National currency,1998.0,EUR,Euro,0.0,Units,,,10532081863.673,,
1998,Hungary,HUN,I-INV-RD,Road infrastructure investment,NAT,National currency,1998.0,HUF,Forint,0.0,Units,,,67400000000.0,,
1998,Iceland,ISL,I-INV-RD,Road infrastructure investment,NAT,National currency,1998.0,ISK,Iceland Krona,0.0,Units,,,11134000000.0,,
1998,India,,,,,,,,,,,,,,,
1998,Italy,ITA,I-INV-RD,Road infrastructure investment,NAT,National currency,1998.0,EUR,Euro,0.0,Units,,,6258000000.0,,
1998,Japan,JPN,I-INV-RD,Road infrastructure investment,NAT,National currency,1998.0,JPY,Yen,0.0,Units,,,8837295000000.0,,
1998,Korea,,,,,,,,,,,,,,,
1998,Lithuania,LTU,I-INV-RD,Road infrastructure investment,NAT,National currency,1998.0,EUR,Euro,0.0,Units,,,96000000.0,,
1998,Netherlands,NLD,I-INV-RD,Road infrastructure investment,NAT,National currency,1998.0,EUR,Euro,0.0,Units,,,1350000000.0,,
1998,New Zealand,NZL,I-INV-RD,Road infrastructure investment,NAT,National currency,1998.0,NZD,New Zealand Dollar,0.0,Units,,,368885059.0,,
1998,Norway,NOR,I-INV-RD,Road infrastructure investment,NAT,National currency,1998.0,NOK,Norwegian Krone,0.0,Units,,,8031000000.0,,
1998,Poland,POL,I-INV-RD,Road infrastructure investment,NAT,National currency,1998.0,PLN,Zloty,0.0,Units,,,1171000000.0,,
1998,Portugal,PRT,I-INV-RD,Road infrastructure investment,NAT,National currency,1998.0,EUR,Euro,0.0,Units,,,905000000.0,,
1998,Slovak Republic,SVK,I-INV-RD,Road infrastructure investment,NAT,National currency,1998.0,EUR,Euro,0.0,Units,,,300000000.0,,
1998,Slovenia,SVN,I-INV-RD,Road infrastructure investment,NAT,National currency,1998.0,EUR,Euro,0.0,Units,,,263000000.0,,
1998,Sweden,SWE,I-INV-RD,Road infrastructure investment,NAT,National currency,1998.0,SEK,Swedish Krona,0.0,Units,,,9328000000.0,,
1998,Switzerland,CHE,I-INV-RD,Road infrastructure investment,NAT,National currency,1998.0,CHF,Swiss Franc,0.0,Units,,,3727000000.0,,
1998,Türkiye,TUR,I-INV-RD,Road infrastructure investment,NAT,National currency,1998.0,TRY,Turkish Lira,0.0,Units,,,299000000.0,,
1998,United Kingdom,GBR,I-INV-RD,Road infrastructure investment,NAT,National currency,1998.0,GBP,Pound Sterling,0.0,Units,,,3235000000.0,,
1998,United States,USA,I-INV-RD,Road infrastructure investment,NAT,National currency,1998.0,USD,US Dollar,0.0,Units,,,46100000000.0,,
1999,Belgium,BEL,I-INV-RD,Road infrastructure investment,NAT,National currency,1999.0,EUR,Euro,0.0,Units,,,161000000.0,,
1999,Canada,CAN,I-INV-RD,Road infrastructure investment,NAT,National currency,1999.0,CAD,Canadian Dollar,0.0,Units,,,5084000000.0,,
1999,Croatia,HRV,I-INV-RD,Road infrastructure investment,NAT,National currency,1999.0,HRK,Croatian Kuna,0.0,Units,,,2577000000.0,,
1999,Czech Republic,CZE,I-INV-RD,Road infrastructure investment,NAT,National currency,1999.0,CZK,Czech Koruna,0.0,Units,,,11886000000.0,,
1999,Denmark,DNK,I-INV-RD,Road infrastructure investment,NAT,National currency,1999.0,DKK,Danish Krone,0.0,Units,,,3119000000.0,,
1999,Finland,FIN,I-INV-RD,Road infrastructure investment,NAT,National currency,1999.0,EUR,Euro,0.0,Units,,,458000000.0,,
1999,France,FRA,I-INV-RD,Road infrastructure investment,NAT,National currency,1999.0,EUR,Euro,0.0,Units,,,10275291050.547,,
1999,Hungary,HUN,I-INV-RD,Road infrastructure investment,NAT,National currency,1999.0,HUF,Forint,0.0,Units,,,52700000000.0,,
1999,Iceland,ISL,I-INV-RD,Road infrastructure investment,NAT,National currency,1999.0,ISK,Iceland Krona,0.0,Units,,,8470000000.0,,
1999,India,,,,,,,,,,,,,,,
1999,Italy,ITA,I-INV-RD,Road infrastructure investment,NAT,National currency,1999.0,EUR,Euro,0.0,Units,,,6365000000.0,,
1999,Japan,JPN,I-INV-RD,Road infrastructure investment,NAT,National currency,1999.0,JPY,Yen,0.0,Units,,,8470470000000.0,,
1999,Korea,,,,,,,,,,,,,,,
1999,Lithuania,LTU,I-INV-RD,Road infrastructure investment,NAT,National currency,1999.0,EUR,Euro,0.0,Units,,,130000000.0,,
1999,Netherlands,NLD,I-INV-RD,Road infrastructure investment,NAT,National currency,1999.0,EUR,Euro,0.0,Units,,,1500000000.0,,
1999,New Zealand,NZL,I-INV-RD,Road infrastructure investment,NAT,National currency,1999.0,NZD,New Zealand Dollar,0.0,Units,,,371833197.0,,
1999,Norway,NOR,I-INV-RD,Road infrastructure investment,NAT,National currency,1999.0,NOK,Norwegian Krone,0.0,Units,,,8327000000.0,,
1999,Poland,POL,I-INV-RD,Road infrastructure investment,NAT,National currency,1999.0,PLN,Zloty,0.0,Units,,,1254000000.0,,
1999,Portugal,PRT,I-INV-RD,Road infrastructure investment,NAT,National currency,1999.0,EUR,Euro,0.0,Units,,,552000000.0,,
1999,Slovak Republic,SVK,I-INV-RD,Road infrastructure investment,NAT,National currency,1999.0,EUR,Euro,0.0,Units,,,204000000.0,,
1999,Slovenia,SVN,I-INV-RD,Road infrastructure investment,NAT,National currency,1999.0,EUR,Euro,0.0,Units,,,352000000.0,,
1999,Sweden,SWE,I-INV-RD,Road infrastructure investment,NAT,National currency,1999.0,SEK,Swedish Krona,0.0,Units,,,8160000000.0,,
1999,Switzerland,CHE,I-INV-RD,Road infrastructure investment,NAT,National currency,1999.0,CHF,Swiss Franc,0.0,Units,,,4166000000.0,,
1999,Türkiye,TUR,I-INV-RD,Road infrastructure investment,NAT,National currency,1999.0,TRY,Turkish Lira,0.0,Units,,,380000000.0,,
1999,United Kingdom,GBR,I-INV-RD,Road infrastructure investment,NAT,National currency,1999.0,GBP,Pound Sterling,0.0,Units,,,3134000000.0,,
1999,United States,USA,I-INV-RD,Road infrastructure investment,NAT,National currency,1999.0,USD,US Dollar,0.0,Units,,,50100000000.0,,
2000,Belgium,BEL,I-INV-RD,Road infrastructure investment,NAT,National currency,2000.0,EUR,Euro,0.0,Units,,,149000000.0,,
2000,Canada,CAN,I-INV-RD,Road infrastructure investment,NAT,National currency,2000.0,CAD,Canadian Dollar,0.0,Units,,,5109000000.0,,
2000,Croatia,HRV,I-INV-RD,Road infrastructure investment,NAT,National currency,2000.0,HRK,Croatian Kuna,0.0,Units,,,2326000000.0,,
2000,Czech Republic,CZE,I-INV-RD,Road infrastructure investment,NAT,National currency,2000.0,CZK,Czech Koruna,0.0,Units,,,10988000000.0,,
2000,Denmark,DNK,I-INV-RD,Road infrastructure investment,NAT,National currency,2000.0,DKK,Danish Krone,0.0,Units,,,3388000000.0,,
2000,Finland,FIN,I-INV-RD,Road infrastructure investment,NAT,National currency,2000.0,EUR,Euro,0.0,Units,,,488000000.0,,
2000,France,FRA,I-INV-RD,Road infrastructure investment,NAT,National currency,2000.0,EUR,Euro,0.0,Units,,,10940364408.677,,
2000,Hungary,HUN,I-INV-RD,Road infrastructure investment,NAT,National currency,2000.0,HUF,Forint,0.0,Units,,,45925000000.0,,
2000,Iceland,ISL,I-INV-RD,Road infrastructure investment,NAT,National currency,2000.0,ISK,Iceland Krona,0.0,Units,,,9388000000.0,,
2000,India,,,,,,,,,,,,,,,
2000,Italy,ITA,I-INV-RD,Road infrastructure investment,NAT,National currency,2000.0,EUR,Euro,0.0,Units,,,6930000000.0,,
2000,Japan,JPN,I-INV-RD,Road infrastructure investment,NAT,National currency,2000.0,JPY,Yen,0.0,Units,,,7876816000000.0,,
2000,Korea,,,,,,,,,,,,,,,
2000,Lithuania,LTU,I-INV-RD,Road infrastructure investment,NAT,National currency,2000.0,EUR,Euro,0.0,Units,,,109000000.0,,
2000,Netherlands,NLD,I-INV-RD,Road infrastructure investment,NAT,National currency,2000.0,EUR,Euro,0.0,Units,,,1727000000.0,,
2000,New Zealand,NZL,I-INV-RD,Road infrastructure investment,NAT,National currency,2000.0,NZD,New Zealand Dollar,0.0,Units,,,425576005.0,,
2000,Norway,NOR,I-INV-RD,Road infrastructure investment,NAT,National currency,2000.0,NOK,Norwegian Krone,0.0,Units,,,7373000000.0,,
2000,Poland,POL,I-INV-RD,Road infrastructure investment,NAT,National currency,2000.0,PLN,Zloty,0.0,Units,,,4086000000.0,B,Break
2000,Portugal,PRT,I-INV-RD,Road infrastructure investment,NAT,National currency,2000.0,EUR,Euro,0.0,Units,,,961000000.0,,
2000,Slovak Republic,SVK,I-INV-RD,Road infrastructure investment,NAT,National currency,2000.0,EUR,Euro,0.0,Units,,,227000000.0,,
2000,Slovenia,SVN,I-INV-RD,Road infrastructure investment,NAT,National currency,2000.0,EUR,Euro,0.0,Units,,,372000000.0,,
2000,Sweden,SWE,I-INV-RD,Road infrastructure investment,NAT,National currency,2000.0,SEK,Swedish Krona,0.0,Units,,,7703000000.0,,
2000,Switzerland,CHE,I-INV-RD,Road infrastructure investment,NAT,National currency,2000.0,CHF,Swiss Franc,0.0,Units,,,4231000000.0,,
2000,Türkiye,TUR,I-INV-RD,Road infrastructure investment,NAT,National currency,2000.0,TRY,Turkish Lira,0.0,Units,,,576000000.0,,
2000,United Kingdom,GBR,I-INV-RD,Road infrastructure investment,NAT,National currency,2000.0,GBP,Pound Sterling,0.0,Units,,,3391000000.0,,
2000,United States,USA,I-INV-RD,Road infrastructure investment,NAT,National currency,2000.0,USD,US Dollar,0.0,Units,,,54100000000.0,,
2001,Belgium,BEL,I-INV-RD,Road infrastructure investment,NAT,National currency,2001.0,EUR,Euro,0.0,Units,,,147000000.0,,
2001,Canada,CAN,I-INV-RD,Road infrastructure investment,NAT,National currency,2001.0,CAD,Canadian Dollar,0.0,Units,,,6094000000.0,,
2001,Croatia,HRV,I-INV-RD,Road infrastructure investment,NAT,National currency,2001.0,HRK,Croatian Kuna,0.0,Units,,,2280000000.0,,
2001,Czech Republic,CZE,I-INV-RD,Road infrastructure investment,NAT,National currency,2001.0,CZK,Czech Koruna,0.0,Units,,,10301000000.0,,
2001,Denmark,DNK,I-INV-RD,Road infrastructure investment,NAT,National currency,2001.0,DKK,Danish Krone,0.0,Units,,,3704000000.0,,
2001,Finland,FIN,I-INV-RD,Road infrastructure investment,NAT,National currency,2001.0,EUR,Euro,0.0,Units,,,508000000.0,,
2001,France,FRA,I-INV-RD,Road infrastructure investment,NAT,National currency,2001.0,EUR,Euro,0.0,Units,,,10920413959.837,,
2001,Hungary,HUN,I-INV-RD,Road infrastructure investment,NAT,National currency,2001.0,HUF,Forint,0.0,Units,,,60800000000.0,,
2001,Iceland,ISL,I-INV-RD,Road infrastructure investment,NAT,National currency,2001.0,ISK,Iceland Krona,0.0,Units,,,9544000000.0,,
2001,India,,,,,,,,,,,,,,,
2001,Italy,ITA,I-INV-RD,Road infrastructure investment,NAT,National currency,2001.0,EUR,Euro,0.0,Units,,,4582000000.0,,
2001,Japan,JPN,I-INV-RD,Road infrastructure investment,NAT,National currency,2001.0,JPY,Yen,0.0,Units,,,7353941000000.0,,
2001,Korea,KOR,I-INV-RD,Road infrastructure investment,NAT,National currency,2001.0,KRW,Won,0.0,Units,,,8279900000000.0,,
2001,Lithuania,LTU,I-INV-RD,Road infrastructure investment,NAT,National currency,2001.0,EUR,Euro,0.0,Units,,,70000000.0,,
2001,Netherlands,NLD,I-INV-RD,Road infrastructure investment,NAT,National currency,2001.0,EUR,Euro,0.0,Units,,,1847000000.0,,
2001,New Zealand,NZL,I-INV-RD,Road infrastructure investment,NAT,National currency,2001.0,NZD,New Zealand Dollar,0.0,Units,,,366539687.0,,
2001,Norway,NOR,I-INV-RD,Road infrastructure investment,NAT,National currency,2001.0,NOK,Norwegian Krone,0.0,Units,,,8201000000.0,,
2001,Poland,POL,I-INV-RD,Road infrastructure investment,NAT,National currency,2001.0,PLN,Zloty,0.0,Units,,,4017000000.0,,
2001,Portugal,PRT,I-INV-RD,Road infrastructure investment,NAT,National currency,2001.0,EUR,Euro,0.0,Units,,,1685000000.0,,
2001,Slovak Republic,SVK,I-INV-RD,Road infrastructure investment,NAT,National currency,2001.0,EUR,Euro,0.0,Units,,,201000000.0,,
2001,Slovenia,SVN,I-INV-RD,Road infrastructure investment,NAT,National currency,2001.0,EUR,Euro,0.0,Units,,,284000000.0,,
2001,Sweden,SWE,I-INV-RD,Road infrastructure investment,NAT,National currency,2001.0,SEK,Swedish Krona,0.0,Units,,,9324000000.0,,
2001,Switzerland,CHE,I-INV-RD,Road infrastructure investment,NAT,National currency,2001.0,CHF,Swiss Franc,0.0,Units,,,4177000000.0,,
2001,Türkiye,TUR,I-INV-RD,Road infrastructure investment,NAT,National currency,2001.0,TRY,Turkish Lira,0.0,Units,,,1542000000.0,,
2001,United Kingdom,GBR,I-INV-RD,Road infrastructure investment,NAT,National currency,2001.0,GBP,Pound Sterling,0.0,Units,,,3688000000.0,,
2001,United States,USA,I-INV-RD,Road infrastructure investment,NAT,National currency,2001.0,USD,US Dollar,0.0,Units,,,58600000000.0,,
2002,Belgium,BEL,I-INV-RD,Road infrastructure investment,NAT,National currency,2002.0,EUR,Euro,0.0,Units,,,172000000.0,,
2002,Canada,CAN,I-INV-RD,Road infrastructure investment,NAT,National currency,2002.0,CAD,Canadian Dollar,0.0,Units,,,5907000000.0,,
2002,Croatia,HRV,I-INV-RD,Road infrastructure investment,NAT,National currency,2002.0,HRK,Croatian Kuna,0.0,Units,,,4564000000.0,,
2002,Czech Republic,CZE,I-INV-RD,Road infrastructure investment,NAT,National currency,2002.0,CZK,Czech Koruna,0.0,Units,,,15971000000.0,,
2002,Denmark,DNK,I-INV-RD,Road infrastructure investment,NAT,National currency,2002.0,DKK,Danish Krone,0.0,Units,,,2966000000.0,,
2002,Finland,FIN,I-INV-RD,Road infrastructure investment,NAT,National currency,2002.0,EUR,Euro,0.0,Units,,,520000000.0,,
2002,France,FRA,I-INV-RD,Road infrastructure investment,NAT,National currency,2002.0,EUR,Euro,0.0,Units,,,10345177749.354,,
2002,Hungary,HUN,I-INV-RD,Road infrastructure investment,NAT,National currency,2002.0,HUF,Forint,0.0,Units,,,68900000000.0,,
2002,Iceland,ISL,I-INV-RD,Road infrastructure investment,NAT,National currency,2002.0,ISK,Iceland Krona,0.0,Units,,,10618000000.0,,
2002,India,,,,,,,,,,,,,,,
2002,Italy,ITA,I-INV-RD,Road infrastructure investment,NAT,National currency,2002.0,EUR,Euro,0.0,Units,,,5071000000.0,B,Break
2002,Japan,JPN,I-INV-RD,Road infrastructure investment,NAT,National currency,2002.0,JPY,Yen,0.0,Units,,,7080264000000.0,,
2002,Korea,KOR,I-INV-RD,Road infrastructure investment,NAT,National currency,2002.0,KRW,Won,0.0,Units,,,8097600000000.0,,
2002,Lithuania,LTU,I-INV-RD,Road infrastructure investment,NAT,National currency,2002.0,EUR,Euro,0.0,Units,,,112000000.0,,
2002,Netherlands,NLD,I-INV-RD,Road infrastructure investment,NAT,National currency,2002.0,EUR,Euro,0.0,Units,,,2279000000.0,,
2002,New Zealand,NZL,I-INV-RD,Road infrastructure investment,NAT,National currency,2002.0,NZD,New Zealand Dollar,0.0,Units,,,368173787.0,,
2002,Norway,NOR,I-INV-RD,Road infrastructure investment,NAT,National currency,2002.0,NOK,Norwegian Krone,0.0,Units,,,8741000000.0,,
2002,Poland,POL,I-INV-RD,Road infrastructure investment,NAT,National currency,2002.0,PLN,Zloty,0.0,Units,,,3992000000.0,,
2002,Portugal,PRT,I-INV-RD,Road infrastructure investment,NAT,National currency,2002.0,EUR,Euro,0.0,Units,,,1620000000.0,,
2002,Slovak Republic,SVK,I-INV-RD,Road infrastructure investment,NAT,National currency,2002.0,EUR,Euro,0.0,Units,,,260000000.0,,
2002,Slovenia,SVN,I-INV-RD,Road infrastructure investment,NAT,National currency,2002.0,EUR,Euro,0.0,Units,,,337000000.0,,
2002,Sweden,SWE,I-INV-RD,Road infrastructure investment,NAT,National currency,2002.0,SEK,Swedish Krona,0.0,Units,,,11867000000.0,,
2002,Switzerland,CHE,I-INV-RD,Road infrastructure investment,NAT,National currency,2002.0,CHF,Swiss Franc,0.0,Units,,,4177000000.0,,
2002,Türkiye,TUR,I-INV-RD,Road infrastructure investment,NAT,National currency,2002.0,TRY,Turkish Lira,0.0,Units,,,1402000000.0,,
2002,United Kingdom,GBR,I-INV-RD,Road infrastructure investment,NAT,National currency,2002.0,GBP,Pound Sterling,0.0,Units,,,3928000000.0,,
2002,United States,USA,I-INV-RD,Road infrastructure investment,NAT,National currency,2002.0,USD,US Dollar,0.0,Units,,,60300000000.0,,
2003,Belgium,BEL,I-INV-RD,Road infrastructure investment,NAT,National currency,2003.0,EUR,Euro,0.0,Units,,,185000000.0,,
2003,Canada,CAN,I-INV-RD,Road infrastructure investment,NAT,National currency,2003.0,CAD,Canadian Dollar,0.0,Units,,,6228000000.0,,
2003,Croatia,HRV,I-INV-RD,Road infrastructure investment,NAT,National currency,2003.0,HRK,Croatian Kuna,0.0,Units,,,7928000000.0,,
2003,Czech Republic,CZE,I-INV-RD,Road infrastructure investment,NAT,National currency,2003.0,CZK,Czech Koruna,0.0,Units,,,19922000000.0,,
2003,Denmark,DNK,I-INV-RD,Road infrastructure investment,NAT,National currency,2003.0,DKK,Danish Krone,0.0,Units,,,4359000000.0,,
2003,Finland,FIN,I-INV-RD,Road infrastructure investment,NAT,National currency,2003.0,EUR,Euro,0.0,Units,,,533000000.0,,
2003,France,FRA,I-INV-RD,Road infrastructure investment,NAT,National currency,2003.0,EUR,Euro,0.0,Units,,,10990928003.536,,
2003,Hungary,HUN,I-INV-RD,Road infrastructure investment,NAT,National currency,2003.0,HUF,Forint,0.0,Units,,,61526000000.0,,
2003,Iceland,ISL,I-INV-RD,Road infrastructure investment,NAT,National currency,2003.0,ISK,Iceland Krona,0.0,Units,,,14811000000.0,,
2003,India,,,,,,,,,,,,,,,
2003,Italy,ITA,I-INV-RD,Road infrastructure investment,NAT,National currency,2003.0,EUR,Euro,0.0,Units,,,6874000000.0,,
2003,Japan,JPN,I-INV-RD,Road infrastructure investment,NAT,National currency,2003.0,JPY,Yen,0.0,Units,,,6530833000000.0,,
2003,Korea,KOR,I-INV-RD,Road infrastructure investment,NAT,National currency,2003.0,KRW,Won,0.0,Units,,,9026000000000.0,,
2003,Lithuania,LTU,I-INV-RD,Road infrastructure investment,NAT,National currency,2003.0,EUR,Euro,0.0,Units,,,142000000.0,,
2003,Netherlands,NLD,I-INV-RD,Road infrastructure investment,NAT,National currency,2003.0,EUR,Euro,0.0,Units,,,2328000000.0,,
2003,New Zealand,NZL,I-INV-RD,Road infrastructure investment,NAT,National currency,2003.0,NZD,New Zealand Dollar,0.0,Units,,,385637332.0,,
2003,Norway,NOR,I-INV-RD,Road infrastructure investment,NAT,National currency,2003.0,NOK,Norwegian Krone,0.0,Units,,,8588000000.0,,
2003,Poland,POL,I-INV-RD,Road infrastructure investment,NAT,National currency,2003.0,PLN,Zloty,0.0,Units,,,4445000000.0,,
2003,Portugal,PRT,I-INV-RD,Road infrastructure investment,NAT,National currency,2003.0,EUR,Euro,0.0,Units,,,1537000000.0,,
2003,Slovak Republic,SVK,I-INV-RD,Road infrastructure investment,NAT,National currency,2003.0,EUR,Euro,0.0,Units,,,210000000.0,,
2003,Slovenia,SVN,I-INV-RD,Road infrastructure investment,NAT,National currency,2003.0,EUR,Euro,0.0,Units,,,470000000.0,,
2003,Sweden,SWE,I-INV-RD,Road infrastructure investment,NAT,National currency,2003.0,SEK,Swedish Krona,0.0,Units,,,12766000000.0,,
2003,Switzerland,CHE,I-INV-RD,Road infrastructure investment,NAT,National currency,2003.0,CHF,Swiss Franc,0.0,Units,,,4159000000.0,,
2003,Türkiye,TUR,I-INV-RD,Road infrastructure investment,NAT,National currency,2003.0,TRY,Turkish Lira,0.0,Units,,,1693739899.0736,,
2003,United Kingdom,GBR,I-INV-RD,Road infrastructure investment,NAT,National currency,2003.0,GBP,Pound Sterling,0.0,Units,,,3595000000.0,,
2003,United States,USA,I-INV-RD,Road infrastructure investment,NAT,National currency,2003.0,USD,US Dollar,0.0,Units,,,59400000000.0,,
2004,Belgium,BEL,I-INV-RD,Road infrastructure investment,NAT,National currency,2004.0,EUR,Euro,0.0,Units,,,156000000.0,,
2004,Canada,CAN,I-INV-RD,Road infrastructure investment,NAT,National currency,2004.0,CAD,Canadian Dollar,0.0,Units,,,6748000000.0,,
2004,Croatia,HRV,I-INV-RD,Road infrastructure investment,NAT,National currency,2004.0,HRK,Croatian Kuna,0.0,Units,,,6572000000.0,,
2004,Czech Republic,CZE,I-INV-RD,Road infrastructure investment,NAT,National currency,2004.0,CZK,Czech Koruna,0.0,Units,,,32902000000.0,,
2004,Denmark,DNK,I-INV-RD,Road infrastructure investment,NAT,National currency,2004.0,DKK,Danish Krone,0.0,Units,,,5415000000.0,,
2004,Finland,FIN,I-INV-RD,Road infrastructure investment,NAT,National currency,2004.0,EUR,Euro,0.0,Units,,,599000000.0,,
2004,France,FRA,I-INV-RD,Road infrastructure investment,NAT,National currency,2004.0,EUR,Euro,0.0,Units,,,11526363521.814,,
2004,Hungary,HUN,I-INV-RD,Road infrastructure investment,NAT,National currency,2004.0,HUF,Forint,0.0,Units,,,359208000000.0,,
2004,Iceland,ISL,I-INV-RD,Road infrastructure investment,NAT,National currency,2004.0,ISK,Iceland Krona,0.0,Units,,,12458000000.0,,
2004,India,IND,I-INV-RD,Road infrastructure investment,NAT,National currency,2004.0,INR,Indian Rupee,0.0,Units,,,105363000000.0,,
2004,Italy,ITA,I-INV-RD,Road infrastructure investment,NAT,National currency,2004.0,EUR,Euro,0.0,Units,,,7572000000.0,,
2004,Japan,JPN,I-INV-RD,Road infrastructure investment,NAT,National currency,2004.0,JPY,Yen,0.0,Units,,,5816817000000.0,,
2004,Korea,KOR,I-INV-RD,Road infrastructure investment,NAT,National currency,2004.0,KRW,Won,0.0,Units,,,8064700000000.0,,
2004,Lithuania,LTU,I-INV-RD,Road infrastructure investment,NAT,National currency,2004.0,EUR,Euro,0.0,Units,,,137000000.0,,
2004,Netherlands,NLD,I-INV-RD,Road infrastructure investment,NAT,National currency,2004.0,EUR,Euro,0.0,Units,,,2334000000.0,,
2004,New Zealand,NZL,I-INV-RD,Road infrastructure investment,NAT,National currency,2004.0,NZD,New Zealand Dollar,0.0,Units,,,500426191.0,,
2004,Norway,NOR,I-INV-RD,Road infrastructure investment,NAT,National currency,2004.0,NOK,Norwegian Krone,0.0,Units,,,9531000000.0,,
2004,Poland,POL,I-INV-RD,Road infrastructure investment,NAT,National currency,2004.0,PLN,Zloty,0.0,Units,,,5599000000.0,,
2004,Portugal,PRT,I-INV-RD,Road infrastructure investment,NAT,National currency,2004.0,EUR,Euro,0.0,Units,,,1933000000.0,,
2004,Slovak Republic,SVK,I-INV-RD,Road infrastructure investment,NAT,National currency,2004.0,EUR,Euro,0.0,Units,,,240000000.0,,
2004,Slovenia,SVN,I-INV-RD,Road infrastructure investment,NAT,National currency,2004.0,EUR,Euro,0.0,Units,,,496000000.0,,
2004,Sweden,SWE,I-INV-RD,Road infrastructure investment,NAT,National currency,2004.0,SEK,Swedish Krona,0.0,Units,,,13168000000.0,,
2004,Switzerland,CHE,I-INV-RD,Road infrastructure investment,NAT,National currency,2004.0,CHF,Swiss Franc,0.0,Units,,,4214000000.0,,
2004,Türkiye,TUR,I-INV-RD,Road infrastructure investment,NAT,National currency,2004.0,TRY,Turkish Lira,0.0,Units,,,2270178238.4366,,
2004,United Kingdom,GBR,I-INV-RD,Road infrastructure investment,NAT,National currency,2004.0,GBP,Pound Sterling,0.0,Units,,,3359000000.0,,
2004,United States,USA,I-INV-RD,Road infrastructure investment,NAT,National currency,2004.0,USD,US Dollar,0.0,Units,,,62400000000.0,,
2005,Belgium,BEL,I-INV-RD,Road infrastructure investment,NAT,National currency,2005.0,EUR,Euro,0.0,Units,,,156000000.0,,
2005,Canada,CAN,I-INV-RD,Road infrastructure investment,NAT,National currency,2005.0,CAD,Canadian Dollar,0.0,Units,,,8293000000.0,,
2005,Croatia,HRV,I-INV-RD,Road infrastructure investment,NAT,National currency,2005.0,HRK,Croatian Kuna,0.0,Units,,,5553000000.0,,
2005,Czech Republic,CZE,I-INV-RD,Road infrastructure investment,NAT,National currency,2005.0,CZK,Czech Koruna,0.0,Units,,,42137000000.0,,
2005,Denmark,DNK,I-INV-RD,Road infrastructure investment,NAT,National currency,2005.0,DKK,Danish Krone,0.0,Units,,,6913000000.0,,
2005,Finland,FIN,I-INV-RD,Road infrastructure investment,NAT,National currency,2005.0,EUR,Euro,0.0,Units,,,595000000.0,,
2005,France,FRA,I-INV-RD,Road infrastructure investment,NAT,National currency,2005.0,EUR,Euro,0.0,Units,,,12402058253.343,,
2005,Hungary,HUN,I-INV-RD,Road infrastructure investment,NAT,National currency,2005.0,HUF,Forint,0.0,Units,,,422457000000.0,,
2005,Iceland,ISL,I-INV-RD,Road infrastructure investment,NAT,National currency,2005.0,ISK,Iceland Krona,0.0,Units,,,11842000000.0,,
2005,India,IND,I-INV-RD,Road infrastructure investment,NAT,National currency,2005.0,INR,Indian Rupee,0.0,Units,,,178568000000.0,,
2005,Italy,ITA,I-INV-RD,Road infrastructure investment,NAT,National currency,2005.0,EUR,Euro,0.0,Units,,,9169000000.0,,
2005,Japan,JPN,I-INV-RD,Road infrastructure investment,NAT,National currency,2005.0,JPY,Yen,0.0,Units,,,5487359000000.0,,
2005,Korea,KOR,I-INV-RD,Road infrastructure investment,NAT,National currency,2005.0,KRW,Won,0.0,Units,,,7661400000000.0,,
2005,Lithuania,LTU,I-INV-RD,Road infrastructure investment,NAT,National currency,2005.0,EUR,Euro,0.0,Units,,,165000000.0,,
2005,Netherlands,NLD,I-INV-RD,Road infrastructure investment,NAT,National currency,2005.0,EUR,Euro,0.0,Units,,,1636000000.0,,
2005,New Zealand,NZL,I-INV-RD,Road infrastructure investment,NAT,National currency,2005.0,NZD,New Zealand Dollar,0.0,Units,,,609483697.0,,
2005,Norway,NOR,I-INV-RD,Road infrastructure investment,NAT,National currency,2005.0,NOK,Norwegian Krone,0.0,Units,,,11709000000.0,,
2005,Poland,POL,I-INV-RD,Road infrastructure investment,NAT,National currency,2005.0,PLN,Zloty,0.0,Units,,,7542000000.0,,
2005,Portugal,PRT,I-INV-RD,Road infrastructure investment,NAT,National currency,2005.0,EUR,Euro,0.0,Units,,,2112000000.0,,
2005,Slovak Republic,SVK,I-INV-RD,Road infrastructure investment,NAT,National currency,2005.0,EUR,Euro,0.0,Units,,,360000000.0,,
2005,Slovenia,SVN,I-INV-RD,Road infrastructure investment,NAT,National currency,2005.0,EUR,Euro,0.0,Units,,,450000000.0,,
2005,Sweden,SWE,I-INV-RD,Road infrastructure investment,NAT,National currency,2005.0,SEK,Swedish Krona,0.0,Units,,,12045000000.0,,
2005,Switzerland,CHE,I-INV-RD,Road infrastructure investment,NAT,National currency,2005.0,CHF,Swiss Franc,0.0,Units,,,4283000000.0,,
2005,Türkiye,TUR,I-INV-RD,Road infrastructure investment,NAT,National currency,2005.0,TRY,Turkish Lira,0.0,Units,,,3050092567.6577,,
2005,United Kingdom,GBR,I-INV-RD,Road infrastructure investment,NAT,National currency,2005.0,GBP,Pound Sterling,0.0,Units,,,3851000000.0,,
2005,United States,USA,I-INV-RD,Road infrastructure investment,NAT,National currency,2005.0,USD,US Dollar,0.0,Units,,,68100000000.0,,
2006,Belgium,BEL,I-INV-RD,Road infrastructure investment,NAT,National currency,2006.0,EUR,Euro,0.0,Units,,,169000000.0,,
2006,Canada,CAN,I-INV-RD,Road infrastructure investment,NAT,National currency,2006.0,CAD,Canadian Dollar,0.0,Units,,,9653000000.0,,
2006,Croatia,HRV,I-INV-RD,Road infrastructure investment,NAT,National currency,2006.0,HRK,Croatian Kuna,0.0,Units,,,6409000000.0,,
2006,Czech Republic,CZE,I-INV-RD,Road infrastructure investment,NAT,National currency,2006.0,CZK,Czech Koruna,0.0,Units,,,42268000000.0,,
2006,Denmark,DNK,I-INV-RD,Road infrastructure investment,NAT,National currency,2006.0,DKK,Danish Krone,0.0,Units,,,8882000000.0,,
2006,Finland,FIN,I-INV-RD,Road infrastructure investment,NAT,National currency,2006.0,EUR,Euro,0.0,Units,,,650000000.0,,
2006,France,FRA,I-INV-RD,Road infrastructure investment,NAT,National currency,2006.0,EUR,Euro,0.0,Units,,,12915322776.549,,
2006,Hungary,HUN,I-INV-RD,Road infrastructure investment,NAT,National currency,2006.0,HUF,Forint,0.0,Units,,,154172000000.0,,
2006,Iceland,ISL,I-INV-RD,Road infrastructure investment,NAT,National currency,2006.0,ISK,Iceland Krona,0.0,Units,,,18480000000.0,,
2006,India,IND,I-INV-RD,Road infrastructure investment,NAT,National currency,2006.0,INR,Indian Rupee,0.0,Units,,,229489000000.0,,
2006,Italy,ITA,I-INV-RD,Road infrastructure investment,NAT,National currency,2006.0,EUR,Euro,0.0,Units,,,14280000000.0,,
2006,Japan,JPN,I-INV-RD,Road infrastructure investment,NAT,National currency,2006.0,JPY,Yen,0.0,Units,,,5343044000000.0,,
2006,Korea,KOR,I-INV-RD,Road infrastructure investment,NAT,National currency,2006.0,KRW,Won,0.0,Units,,,7336300000000.0,,
2006,Lithuania,LTU,I-INV-RD,Road infrastructure investment,NAT,National currency,2006.0,EUR,Euro,0.0,Units,,,242000000.0,,
2006,Netherlands,NLD,I-INV-RD,Road infrastructure investment,NAT,National currency,2006.0,EUR,Euro,0.0,Units,,,1654000000.0,,
2006,New Zealand,NZL,I-INV-RD,Road infrastructure investment,NAT,National currency,2006.0,NZD,New Zealand Dollar,0.0,Units,,,760477754.0,,
2006,Norway,NOR,I-INV-RD,Road infrastructure investment,NAT,National currency,2006.0,NOK,Norwegian Krone,0.0,Units,,,11867000000.0,,
2006,Poland,POL,I-INV-RD,Road infrastructure investment,NAT,National currency,2006.0,PLN,Zloty,0.0,Units,,,10148000000.0,,
2006,Portugal,PRT,I-INV-RD,Road infrastructure investment,NAT,National currency,2006.0,EUR,Euro,0.0,Units,,,1940000000.0,,
2006,Slovak Republic,SVK,I-INV-RD,Road infrastructure investment,NAT,National currency,2006.0,EUR,Euro,0.0,Units,,,411000000.0,,
2006,Slovenia,SVN,I-INV-RD,Road infrastructure investment,NAT,National currency,2006.0,EUR,Euro,0.0,Units,,,573000000.0,,
2006,Sweden,SWE,I-INV-RD,Road infrastructure investment,NAT,National currency,2006.0,SEK,Swedish Krona,0.0,Units,,,13022000000.0,,
2006,Switzerland,CHE,I-INV-RD,Road infrastructure investment,NAT,National currency,2006.0,CHF,Swiss Franc,0.0,Units,,,4264000000.0,,
2006,Türkiye,TUR,I-INV-RD,Road infrastructure investment,NAT,National currency,2006.0,TRY,Turkish Lira,0.0,Units,,,4151416881.1616,,
2006,United Kingdom,GBR,I-INV-RD,Road infrastructure investment,NAT,National currency,2006.0,GBP,Pound Sterling,0.0,Units,,,4323000000.0,,
2006,United States,USA,I-INV-RD,Road infrastructure investment,NAT,National currency,2006.0,USD,US Dollar,0.0,Units,,,74200000000.0,,
2007,Belgium,BEL,I-INV-RD,Road infrastructure investment,NAT,National currency,2007.0,EUR,Euro,0.0,Units,,,166000000.0,,
2007,Canada,CAN,I-INV-RD,Road infrastructure investment,NAT,National currency,2007.0,CAD,Canadian Dollar,0.0,Units,,,11464000000.0,,
2007,Croatia,HRV,I-INV-RD,Road infrastructure investment,NAT,National currency,2007.0,HRK,Croatian Kuna,0.0,Units,,,7822000000.0,,
2007,Czech Republic,CZE,I-INV-RD,Road infrastructure investment,NAT,National currency,2007.0,CZK,Czech Koruna,0.0,Units,,,41461000000.0,,
2007,Denmark,DNK,I-INV-RD,Road infrastructure investment,NAT,National currency,2007.0,DKK,Danish Krone,0.0,Units,,,7666000000.0,,
2007,Finland,FIN,I-INV-RD,Road infrastructure investment,NAT,National currency,2007.0,EUR,Euro,0.0,Units,,,802000000.0,,
2007,France,FRA,I-INV-RD,Road infrastructure investment,NAT,National currency,2007.0,EUR,Euro,0.0,Units,,,13883209568.4,,
2007,Hungary,HUN,I-INV-RD,Road infrastructure investment,NAT,National currency,2007.0,HUF,Forint,0.0,Units,,,162334000000.0,,
2007,Iceland,ISL,I-INV-RD,Road infrastructure investment,NAT,National currency,2007.0,ISK,Iceland Krona,0.0,Units,,,16359000000.0,,
2007,India,IND,I-INV-RD,Road infrastructure investment,NAT,National currency,2007.0,INR,Indian Rupee,0.0,Units,,,248150000000.0,,
2007,Italy,ITA,I-INV-RD,Road infrastructure investment,NAT,National currency,2007.0,EUR,Euro,0.0,Units,,,13664000000.0,,
2007,Japan,JPN,I-INV-RD,Road infrastructure investment,NAT,National currency,2007.0,JPY,Yen,0.0,Units,,,5087679000000.0,,
2007,Korea,KOR,I-INV-RD,Road infrastructure investment,NAT,National currency,2007.0,KRW,Won,0.0,Units,,,7530000000000.0,,
2007,Lithuania,LTU,I-INV-RD,Road infrastructure investment,NAT,National currency,2007.0,EUR,Euro,0.0,Units,,,312000000.0,,
2007,Netherlands,NLD,I-INV-RD,Road infrastructure investment,NAT,National currency,2007.0,EUR,Euro,0.0,Units,,,1680000000.0,,
2007,New Zealand,NZL,I-INV-RD,Road infrastructure investment,NAT,National currency,2007.0,NZD,New Zealand Dollar,0.0,Units,,,900084548.0,,
2007,Norway,NOR,I-INV-RD,Road infrastructure investment,NAT,National currency,2007.0,NOK,Norwegian Krone,0.0,Units,,,13908000000.0,,
2007,Poland,POL,I-INV-RD,Road infrastructure investment,NAT,National currency,2007.0,PLN,Zloty,0.0,Units,,,13029000000.0,,
2007,Portugal,PRT,I-INV-RD,Road infrastructure investment,NAT,National currency,2007.0,EUR,Euro,0.0,Units,,,1453000000.0,,
2007,Slovak Republic,SVK,I-INV-RD,Road infrastructure investment,NAT,National currency,2007.0,EUR,Euro,0.0,Units,,,520000000.0,,
2007,Slovenia,SVN,I-INV-RD,Road infrastructure investment,NAT,National currency,2007.0,EUR,Euro,0.0,Units,,,666000000.0,,
2007,Sweden,SWE,I-INV-RD,Road infrastructure investment,NAT,National currency,2007.0,SEK,Swedish Krona,0.0,Units,,,13163000000.0,,
2007,Switzerland,CHE,I-INV-RD,Road infrastructure investment,NAT,National currency,2007.0,CHF,Swiss Franc,0.0,Units,,,4393000000.0,,
2007,Türkiye,TUR,I-INV-RD,Road infrastructure investment,NAT,National currency,2007.0,TRY,Turkish Lira,0.0,Units,,,4000966445.9057,,
2007,United Kingdom,GBR,I-INV-RD,Road infrastructure investment,NAT,National currency,2007.0,GBP,Pound Sterling,0.0,Units,,,4243889000.0,,
2007,United States,USA,I-INV-RD,Road infrastructure investment,NAT,National currency,2007.0,USD,US Dollar,0.0,Units,,,78400000000.0,,
2008,Belgium,BEL,I-INV-RD,Road infrastructure investment,NAT,National currency,2008.0,EUR,Euro,0.0,Units,,,156000000.0,,
2008,Canada,CAN,I-INV-RD,Road infrastructure investment,NAT,National currency,2008.0,CAD,Canadian Dollar,0.0,Units,,,13647000000.0,,
2008,Croatia,HRV,I-INV-RD,Road infrastructure investment,NAT,National currency,2008.0,HRK,Croatian Kuna,0.0,Units,,,7956000000.0,,
2008,Czech Republic,CZE,I-INV-RD,Road infrastructure investment,NAT,National currency,2008.0,CZK,Czech Koruna,0.0,Units,,,50962000000.0,,
2008,Denmark,DNK,I-INV-RD,Road infrastructure investment,NAT,National currency,2008.0,DKK,Danish Krone,0.0,Units,,,6976000000.0,,
2008,Finland,FIN,I-INV-RD,Road infrastructure investment,NAT,National currency,2008.0,EUR,Euro,0.0,Units,,,973000000.0,,
2008,France,FRA,I-INV-RD,Road infrastructure investment,NAT,National currency,2008.0,EUR,Euro,0.0,Units,,,14036319131.071,,
2008,Hungary,HUN,I-INV-RD,Road infrastructure investment,NAT,National currency,2008.0,HUF,Forint,0.0,Units,,,246170000000.0,,
2008,Iceland,ISL,I-INV-RD,Road infrastructure investment,NAT,National currency,2008.0,ISK,Iceland Krona,0.0,Units,,,31082000000.0,,
2008,India,IND,I-INV-RD,Road infrastructure investment,NAT,National currency,2008.0,INR,Indian Rupee,0.0,Units,,,300360000000.0,,
2008,Italy,ITA,I-INV-RD,Road infrastructure investment,NAT,National currency,2008.0,EUR,Euro,0.0,Units,,,13051000000.0,,
2008,Japan,JPN,I-INV-RD,Road infrastructure investment,NAT,National currency,2008.0,JPY,Yen,0.0,Units,,,4816065000000.0,,
2008,Korea,KOR,I-INV-RD,Road infrastructure investment,NAT,National currency,2008.0,KRW,Won,0.0,Units,,,17575203565110.0,B,Break
2008,Lithuania,LTU,I-INV-RD,Road infrastructure investment,NAT,National currency,2008.0,EUR,Euro,0.0,Units,,,437000000.0,,
2008,Netherlands,NLD,I-INV-RD,Road infrastructure investment,NAT,National currency,2008.0,EUR,Euro,0.0,Units,,,2194000000.0,,
2008,New Zealand,NZL,I-INV-RD,Road infrastructure investment,NAT,National currency,2008.0,NZD,New Zealand Dollar,0.0,Units,,,1046917171.0,,
2008,Norway,NOR,I-INV-RD,Road infrastructure investment,NAT,National currency,2008.0,NOK,Norwegian Krone,0.0,Units,,,17575000000.0,,
2008,Poland,POL,I-INV-RD,Road infrastructure investment,NAT,National currency,2008.0,PLN,Zloty,0.0,Units,,,15834000000.0,,
2008,Portugal,PRT,I-INV-RD,Road infrastructure investment,NAT,National currency,2008.0,EUR,Euro,0.0,Units,,,1366000000.0,,
2008,Slovak Republic,SVK,I-INV-RD,Road infrastructure investment,NAT,National currency,2008.0,EUR,Euro,0.0,Units,,,566000000.0,,
2008,Slovenia,SVN,I-INV-RD,Road infrastructure investment,NAT,National currency,2008.0,EUR,Euro,0.0,Units,,,694000000.0,,
2008,Sweden,SWE,I-INV-RD,Road infrastructure investment,NAT,National currency,2008.0,SEK,Swedish Krona,0.0,Units,,,15426000000.0,,
2008,Switzerland,CHE,I-INV-RD,Road infrastructure investment,NAT,National currency,2008.0,CHF,Swiss Franc,0.0,Units,,,4508000000.0,,
2008,Türkiye,TUR,I-INV-RD,Road infrastructure investment,NAT,National currency,2008.0,TRY,Turkish Lira,0.0,Units,,,6389962117.6641,,
2008,United Kingdom,GBR,I-INV-RD,Road infrastructure investment,NAT,National currency,2008.0,GBP,Pound Sterling,0.0,Units,,,4808038000.0,,
2008,United States,USA,I-INV-RD,Road infrastructure investment,NAT,National currency,2008.0,USD,US Dollar,0.0,Units,,,79900000000.0,,
2009,Belgium,BEL,I-INV-RD,Road infrastructure investment,NAT,National currency,2009.0,EUR,Euro,0.0,Units,,,175000000.0,,
2009,Canada,CAN,I-INV-RD,Road infrastructure investment,NAT,National currency,2009.0,CAD,Canadian Dollar,0.0,Units,,,17263000000.0,,
2009,Croatia,HRV,I-INV-RD,Road infrastructure investment,NAT,National currency,2009.0,HRK,Croatian Kuna,0.0,Units,,,6674000000.0,,
2009,Czech Republic,CZE,I-INV-RD,Road infrastructure investment,NAT,National currency,2009.0,CZK,Czech Koruna,0.0,Units,,,52524000000.0,,
2009,Denmark,DNK,I-INV-RD,Road infrastructure investment,NAT,National currency,2009.0,DKK,Danish Krone,0.0,Units,,,5315000000.0,,
2009,Finland,FIN,I-INV-RD,Road infrastructure investment,NAT,National currency,2009.0,EUR,Euro,0.0,Units,,,922000000.0,,
2009,France,FRA,I-INV-RD,Road infrastructure investment,NAT,National currency,2009.0,EUR,Euro,0.0,Units,,,14277760989.6,,
2009,Hungary,HUN,I-INV-RD,Road infrastructure investment,NAT,National currency,2009.0,HUF,Forint,0.0,Units,,,439116000000.0,,
2009,Iceland,ISL,I-INV-RD,Road infrastructure investment,NAT,National currency,2009.0,ISK,Iceland Krona,0.0,Units,,,20860000000.0,,
2009,India,IND,I-INV-RD,Road infrastructure investment,NAT,National currency,2009.0,INR,Indian Rupee,0.0,Units,,,323280000000.0,,
2009,Italy,ITA,I-INV-RD,Road infrastructure investment,NAT,National currency,2009.0,EUR,Euro,0.0,Units,,,5641000000.0,,
2009,Japan,JPN,I-INV-RD,Road infrastructure investment,NAT,National currency,2009.0,JPY,Yen,0.0,Units,,,4836705000000.0,,
2009,Korea,KOR,I-INV-RD,Road infrastructure investment,NAT,National currency,2009.0,KRW,Won,0.0,Units,,,21622803008840.0,,
2009,Lithuania,LTU,I-INV-RD,Road infrastructure investment,NAT,National currency,2009.0,EUR,Euro,0.0,Units,,,448000000.0,,
2009,Netherlands,NLD,I-INV-RD,Road infrastructure investment,NAT,National currency,2009.0,EUR,Euro,0.0,Units,,,2363000000.0,,
2009,New Zealand,NZL,I-INV-RD,Road infrastructure investment,NAT,National currency,2009.0,NZD,New Zealand Dollar,0.0,Units,,,1231777572.0,,
2009,Norway,NOR,I-INV-RD,Road infrastructure investment,NAT,National currency,2009.0,NOK,Norwegian Krone,0.0,Units,,,21720000000.0,,
2009,Poland,POL,I-INV-RD,Road infrastructure investment,NAT,National currency,2009.0,PLN,Zloty,0.0,Units,,,23111000000.0,,
2009,Portugal,PRT,I-INV-RD,Road infrastructure investment,NAT,National currency,2009.0,EUR,Euro,0.0,Units,,,951000000.0,B,Break
2009,Slovak Republic,SVK,I-INV-RD,Road infrastructure investment,NAT,National currency,2009.0,EUR,Euro,0.0,Units,,,662000000.0,,
2009,Slovenia,SVN,I-INV-RD,Road infrastructure investment,NAT,National currency,2009.0,EUR,Euro,0.0,Units,,,406000000.0,,
2009,Sweden,SWE,I-INV-RD,Road infrastructure investment,NAT,National currency,2009.0,SEK,Swedish Krona,0.0,Units,,,16711000000.0,,
2009,Switzerland,CHE,I-INV-RD,Road infrastructure investment,NAT,National currency,2009.0,CHF,Swiss Franc,0.0,Units,,,4525000000.0,,
2009,Türkiye,TUR,I-INV-RD,Road infrastructure investment,NAT,National currency,2009.0,TRY,Turkish Lira,0.0,Units,,,7470680659.9184,,
2009,United Kingdom,GBR,I-INV-RD,Road infrastructure investment,NAT,National currency,2009.0,GBP,Pound Sterling,0.0,Units,,,5850859000.0,,
2009,United States,USA,I-INV-RD,Road infrastructure investment,NAT,National currency,2009.0,USD,US Dollar,0.0,Units,,,82300000000.0,,
2010,Belgium,BEL,I-INV-RD,Road infrastructure investment,NAT,National currency,2010.0,EUR,Euro,0.0,Units,,,348000000.0,B,Break
2010,Canada,CAN,I-INV-RD,Road infrastructure investment,NAT,National currency,2010.0,CAD,Canadian Dollar,0.0,Units,,,21015000000.0,,
2010,Croatia,HRV,I-INV-RD,Road infrastructure investment,NAT,National currency,2010.0,HRK,Croatian Kuna,0.0,Units,,,3756000000.0,,
2010,Czech Republic,CZE,I-INV-RD,Road infrastructure investment,NAT,National currency,2010.0,CZK,Czech Koruna,0.0,Units,,,43494000000.0,,
2010,Denmark,DNK,I-INV-RD,Road infrastructure investment,NAT,National currency,2010.0,DKK,Danish Krone,0.0,Units,,,6975000000.0,,
2010,Finland,FIN,I-INV-RD,Road infrastructure investment,NAT,National currency,2010.0,EUR,Euro,0.0,Units,,,890000000.0,,
2010,France,FRA,I-INV-RD,Road infrastructure investment,NAT,National currency,2010.0,EUR,Euro,0.0,Units,,,14497093953.0,,
2010,Hungary,HUN,I-INV-RD,Road infrastructure investment,NAT,National currency,2010.0,HUF,Forint,0.0,Units,,,231344000000.0,,
2010,Iceland,ISL,I-INV-RD,Road infrastructure investment,NAT,National currency,2010.0,ISK,Iceland Krona,0.0,Units,,,12867000000.0,,
2010,India,IND,I-INV-RD,Road infrastructure investment,NAT,National currency,2010.0,INR,Indian Rupee,0.0,Units,,,385150000000.0,,
2010,Italy,ITA,I-INV-RD,Road infrastructure investment,NAT,National currency,2010.0,EUR,Euro,0.0,Units,,,3389000000.0,,
2010,Japan,JPN,I-INV-RD,Road infrastructure investment,NAT,National currency,2010.0,JPY,Yen,0.0,Units,,,4158115000000.0,,
2010,Korea,KOR,I-INV-RD,Road infrastructure investment,NAT,National currency,2010.0,KRW,Won,0.0,Units,,,16522920101210.0,,
2010,Lithuania,LTU,I-INV-RD,Road infrastructure investment,NAT,National currency,2010.0,EUR,Euro,0.0,Units,,,422000000.0,,
2010,Netherlands,NLD,I-INV-RD,Road infrastructure investment,NAT,National currency,2010.0,EUR,Euro,0.0,Units,,,2300000000.0,,
2010,New Zealand,NZL,I-INV-RD,Road infrastructure investment,NAT,National currency,2010.0,NZD,New Zealand Dollar,0.0,Units,,,1407711813.0,,
2010,Norway,NOR,I-INV-RD,Road infrastructure investment,NAT,National currency,2010.0,NOK,Norwegian Krone,0.0,Units,,,21408000000.0,,
2010,Poland,POL,I-INV-RD,Road infrastructure investment,NAT,National currency,2010.0,PLN,Zloty,0.0,Units,,,26006000000.0,,
2010,Portugal,PRT,I-INV-RD,Road infrastructure investment,NAT,National currency,2010.0,EUR,Euro,0.0,Units,,,1511000000.0,,
2010,Slovak Republic,SVK,I-INV-RD,Road infrastructure investment,NAT,National currency,2010.0,EUR,Euro,0.0,Units,,,342000000.0,,
2010,Slovenia,SVN,I-INV-RD,Road infrastructure investment,NAT,National currency,2010.0,EUR,Euro,0.0,Units,,,221000000.0,,
2010,Sweden,SWE,I-INV-RD,Road infrastructure investment,NAT,National currency,2010.0,SEK,Swedish Krona,0.0,Units,,,15906000000.0,,
2010,Switzerland,CHE,I-INV-RD,Road infrastructure investment,NAT,National currency,2010.0,CHF,Swiss Franc,0.0,Units,,,4725000000.0,,
2010,Türkiye,TUR,I-INV-RD,Road infrastructure investment,NAT,National currency,2010.0,TRY,Turkish Lira,0.0,Units,,,10256980071.503,,
2010,United Kingdom,GBR,I-INV-RD,Road infrastructure investment,NAT,National currency,2010.0,GBP,Pound Sterling,0.0,Units,,,5563648000.0,,
2010,United States,USA,I-INV-RD,Road infrastructure investment,NAT,National currency,2010.0,USD,US Dollar,0.0,Units,,,82400000000.0,,
2011,Belgium,BEL,I-INV-RD,Road infrastructure investment,NAT,National currency,2011.0,EUR,Euro,0.0,Units,,,248000000.0,,
2011,Canada,CAN,I-INV-RD,Road infrastructure investment,NAT,National currency,2011.0,CAD,Canadian Dollar,0.0,Units,,,20725000000.0,,
2011,Croatia,HRV,I-INV-RD,Road infrastructure investment,NAT,National currency,2011.0,HRK,Croatian Kuna,0.0,Units,,,3464000000.0,,
2011,Czech Republic,CZE,I-INV-RD,Road infrastructure investment,NAT,National currency,2011.0,CZK,Czech Koruna,0.0,Units,,,31799000000.0,,
2011,Denmark,DNK,I-INV-RD,Road infrastructure investment,NAT,National currency,2011.0,DKK,Danish Krone,0.0,Units,,,7838000000.0,,
2011,Finland,FIN,I-INV-RD,Road infrastructure investment,NAT,National currency,2011.0,EUR,Euro,0.0,Units,,,973000000.0,,
2011,France,FRA,I-INV-RD,Road infrastructure investment,NAT,National currency,2011.0,EUR,Euro,0.0,Units,,,12604291274.0,,
2011,Hungary,HUN,I-INV-RD,Road infrastructure investment,NAT,National currency,2011.0,HUF,Forint,0.0,Units,,,83241000000.0,,
2011,Iceland,ISL,I-INV-RD,Road infrastructure investment,NAT,National currency,2011.0,ISK,Iceland Krona,0.0,Units,,,6251000000.0,B,Break
2011,India,IND,I-INV-RD,Road infrastructure investment,NAT,National currency,2011.0,INR,Indian Rupee,0.0,Units,,,364500000000.0,,
2011,Italy,ITA,I-INV-RD,Road infrastructure investment,NAT,National currency,2011.0,EUR,Euro,0.0,Units,,,4129000000.0,,
2011,Japan,JPN,I-INV-RD,Road infrastructure investment,NAT,National currency,2011.0,JPY,Yen,0.0,Units,,,3974213000000.0,,
2011,Korea,KOR,I-INV-RD,Road infrastructure investment,NAT,National currency,2011.0,KRW,Won,0.0,Units,,,14245236003100.0,,
2011,Lithuania,LTU,I-INV-RD,Road infrastructure investment,NAT,National currency,2011.0,EUR,Euro,0.0,Units,,,343000000.0,,
2011,Netherlands,NLD,I-INV-RD,Road infrastructure investment,NAT,National currency,2011.0,EUR,Euro,0.0,Units,,,2287000000.0,,
2011,New Zealand,NZL,I-INV-RD,Road infrastructure investment,NAT,National currency,2011.0,NZD,New Zealand Dollar,0.0,Units,,,1617508079.0,,
2011,Norway,NOR,I-INV-RD,Road infrastructure investment,NAT,National currency,2011.0,NOK,Norwegian Krone,0.0,Units,,,21912000000.0,,
2011,Poland,POL,I-INV-RD,Road infrastructure investment,NAT,National currency,2011.0,PLN,Zloty,0.0,Units,,,34281000000.0,,
2011,Portugal,,,,,,,,,,,,,,,
2011,Slovak Republic,SVK,I-INV-RD,Road infrastructure investment,NAT,National currency,2011.0,EUR,Euro,0.0,Units,,,432000000.0,,
2011,Slovenia,SVN,I-INV-RD,Road infrastructure investment,NAT,National currency,2011.0,EUR,Euro,0.0,Units,,,112000000.0,,
2011,Sweden,SWE,I-INV-RD,Road infrastructure investment,NAT,National currency,2011.0,SEK,Swedish Krona,0.0,Units,,,17258000000.0,,
2011,Switzerland,CHE,I-INV-RD,Road infrastructure investment,NAT,National currency,2011.0,CHF,Swiss Franc,0.0,Units,,,4717000000.0,,
2011,Türkiye,TUR,I-INV-RD,Road infrastructure investment,NAT,National currency,2011.0,TRY,Turkish Lira,0.0,Units,,,12152686133.333,,
2011,United Kingdom,GBR,I-INV-RD,Road infrastructure investment,NAT,National currency,2011.0,GBP,Pound Sterling,0.0,Units,,,4829298000.0,,
2011,United States,USA,I-INV-RD,Road infrastructure investment,NAT,National currency,2011.0,USD,US Dollar,0.0,Units,,,82700000000.0,,
2012,Belgium,BEL,I-INV-RD,Road infrastructure investment,NAT,National currency,2012.0,EUR,Euro,0.0,Units,,,553000000.0,,
2012,Canada,CAN,I-INV-RD,Road infrastructure investment,NAT,National currency,2012.0,CAD,Canadian Dollar,0.0,Units,,,18959000000.0,,
2012,Croatia,HRV,I-INV-RD,Road infrastructure investment,NAT,National currency,2012.0,HRK,Croatian Kuna,0.0,Units,,,3600000000.0,,
2012,Czech Republic,CZE,I-INV-RD,Road infrastructure investment,NAT,National currency,2012.0,CZK,Czech Koruna,0.0,Units,,,22036000000.0,,
2012,Denmark,DNK,I-INV-RD,Road infrastructure investment,NAT,National currency,2012.0,DKK,Danish Krone,0.0,Units,,,9853000000.0,,
2012,Finland,FIN,I-INV-RD,Road infrastructure investment,NAT,National currency,2012.0,EUR,Euro,0.0,Units,,,1128000000.0,,
2012,France,FRA,I-INV-RD,Road infrastructure investment,NAT,National currency,2012.0,EUR,Euro,0.0,Units,,,13173701531.474,,
2012,Hungary,HUN,I-INV-RD,Road infrastructure investment,NAT,National currency,2012.0,HUF,Forint,0.0,Units,,,44166000000.0,,
2012,Iceland,ISL,I-INV-RD,Road infrastructure investment,NAT,National currency,2012.0,ISK,Iceland Krona,0.0,Units,,,6101000000.0,,
2012,India,IND,I-INV-RD,Road infrastructure investment,NAT,National currency,2012.0,INR,Indian Rupee,0.0,Units,,,426420000000.0,,
2012,Italy,ITA,I-INV-RD,Road infrastructure investment,NAT,National currency,2012.0,EUR,Euro,0.0,Units,,,3107000000.0,,
2012,Japan,JPN,I-INV-RD,Road infrastructure investment,NAT,National currency,2012.0,JPY,Yen,0.0,Units,,,3825478000000.0,,
2012,Korea,KOR,I-INV-RD,Road infrastructure investment,NAT,National currency,2012.0,KRW,Won,0.0,Units,,,15609284605570.0,,
2012,Lithuania,LTU,I-INV-RD,Road infrastructure investment,NAT,National currency,2012.0,EUR,Euro,0.0,Units,,,243000000.0,,
2012,Netherlands,,,,,,,,,,,,,,,
2012,New Zealand,NZL,I-INV-RD,Road infrastructure investment,NAT,National currency,2012.0,NZD,New Zealand Dollar,0.0,Units,,,1038365120.8,,
2012,Norway,NOR,I-INV-RD,Road infrastructure investment,NAT,National currency,2012.0,NOK,Norwegian Krone,0.0,Units,,,24677000000.0,,
2012,Poland,POL,I-INV-RD,Road infrastructure investment,NAT,National currency,2012.0,PLN,Zloty,0.0,Units,,,18339000000.0,,
2012,Portugal,PRT,I-INV-RD,Road infrastructure investment,NAT,National currency,2012.0,EUR,Euro,0.0,Units,,,274000000.0,,
2012,Slovak Republic,SVK,I-INV-RD,Road infrastructure investment,NAT,National currency,2012.0,EUR,Euro,0.0,Units,,,311000000.0,,
2012,Slovenia,SVN,I-INV-RD,Road infrastructure investment,NAT,National currency,2012.0,EUR,Euro,0.0,Units,,,102000000.0,,
2012,Sweden,SWE,I-INV-RD,Road infrastructure investment,NAT,National currency,2012.0,SEK,Swedish Krona,0.0,Units,,,19260000000.0,,
2012,Switzerland,CHE,I-INV-RD,Road infrastructure investment,NAT,National currency,2012.0,CHF,Swiss Franc,0.0,Units,,,4677000000.0,,
2012,Türkiye,TUR,I-INV-RD,Road infrastructure investment,NAT,National currency,2012.0,TRY,Turkish Lira,0.0,Units,,,11113900000.0,,
2012,United Kingdom,GBR,I-INV-RD,Road infrastructure investment,NAT,National currency,2012.0,GBP,Pound Sterling,0.0,Units,,,4507696000.0,,
2012,United States,USA,I-INV-RD,Road infrastructure investment,NAT,National currency,2012.0,USD,US Dollar,0.0,Units,,,83100000000.0,,
2013,Belgium,BEL,I-INV-RD,Road infrastructure investment,NAT,National currency,2013.0,EUR,Euro,0.0,Units,,,587000000.0,,
2013,Canada,CAN,I-INV-RD,Road infrastructure investment,NAT,National currency,2013.0,CAD,Canadian Dollar,0.0,Units,,,17907000000.0,,
2013,Croatia,HRV,I-INV-RD,Road infrastructure investment,NAT,National currency,2013.0,HRK,Croatian Kuna,0.0,Units,,,3215000000.0,,
2013,Czech Republic,CZE,I-INV-RD,Road infrastructure investment,NAT,National currency,2013.0,CZK,Czech Koruna,0.0,Units,,,16827000000.0,,
2013,Denmark,DNK,I-INV-RD,Road infrastructure investment,NAT,National currency,2013.0,DKK,Danish Krone,0.0,Units,,,7808000000.0,,
2013,Finland,FIN,I-INV-RD,Road infrastructure investment,NAT,National currency,2013.0,EUR,Euro,0.0,Units,,,1148000000.0,,
2013,France,FRA,I-INV-RD,Road infrastructure investment,NAT,National currency,2013.0,EUR,Euro,0.0,Units,,,12866158552.0,,
2013,Hungary,HUN,I-INV-RD,Road infrastructure investment,NAT,National currency,2013.0,HUF,Forint,0.0,Units,,,118946000000.0,,
2013,Iceland,ISL,I-INV-RD,Road infrastructure investment,NAT,National currency,2013.0,ISK,Iceland Krona,0.0,Units,,,6789000000.0,,
2013,India,IND,I-INV-RD,Road infrastructure investment,NAT,National currency,2013.0,INR,Indian Rupee,0.0,Units,,,659270000000.0,,
2013,Italy,ITA,I-INV-RD,Road infrastructure investment,NAT,National currency,2013.0,EUR,Euro,0.0,Units,,,2841000000.0,,
2013,Japan,JPN,I-INV-RD,Road infrastructure investment,NAT,National currency,2013.0,JPY,Yen,0.0,Units,,,4292152000000.0,,
2013,Korea,KOR,I-INV-RD,Road infrastructure investment,NAT,National currency,2013.0,KRW,Won,0.0,Units,,,16477615000000.0,,
2013,Lithuania,LTU,I-INV-RD,Road infrastructure investment,NAT,National currency,2013.0,EUR,Euro,0.0,Units,,,253000000.0,,
2013,Netherlands,,,,,,,,,,,,,,,
2013,New Zealand,NZL,I-INV-RD,Road infrastructure investment,NAT,National currency,2013.0,NZD,New Zealand Dollar,0.0,Units,,,1293456996.0,,
2013,Norway,NOR,I-INV-RD,Road infrastructure investment,NAT,National currency,2013.0,NOK,Norwegian Krone,0.0,Units,,,30005000000.0,,
2013,Poland,POL,I-INV-RD,Road infrastructure investment,NAT,National currency,2013.0,PLN,Zloty,0.0,Units,,,10345000000.0,,
2013,Portugal,PRT,I-INV-RD,Road infrastructure investment,NAT,National currency,2013.0,EUR,Euro,0.0,Units,,,211000000.0,,
2013,Slovak Republic,SVK,I-INV-RD,Road infrastructure investment,NAT,National currency,2013.0,EUR,Euro,0.0,Units,,,360000000.0,,
2013,Slovenia,SVN,I-INV-RD,Road infrastructure investment,NAT,National currency,2013.0,EUR,Euro,0.0,Units,,,104000000.0,,
2013,Sweden,SWE,I-INV-RD,Road infrastructure investment,NAT,National currency,2013.0,SEK,Swedish Krona,0.0,Units,,,17414000000.0,,
2013,Switzerland,CHE,I-INV-RD,Road infrastructure investment,NAT,National currency,2013.0,CHF,Swiss Franc,0.0,Units,,,4593000000.0,,
2013,Türkiye,TUR,I-INV-RD,Road infrastructure investment,NAT,National currency,2013.0,TRY,Turkish Lira,0.0,Units,,,15767664537.244,,
2013,United Kingdom,GBR,I-INV-RD,Road infrastructure investment,NAT,National currency,2013.0,GBP,Pound Sterling,0.0,Units,,,5120633000.0,,
2013,United States,USA,I-INV-RD,Road infrastructure investment,NAT,National currency,2013.0,USD,US Dollar,0.0,Units,,,81400000000.0,,
2014,Belgium,BEL,I-INV-RD,Road infrastructure investment,NAT,National currency,2014.0,EUR,Euro,0.0,Units,,,417000000.0,,
2014,Canada,CAN,I-INV-RD,Road infrastructure investment,NAT,National currency,2014.0,CAD,Canadian Dollar,0.0,Units,,,7493905411.56,B,Break
2014,Croatia,HRV,I-INV-RD,Road infrastructure investment,NAT,National currency,2014.0,HRK,Croatian Kuna,0.0,Units,,,2134000000.0,,
2014,Czech Republic,CZE,I-INV-RD,Road infrastructure investment,NAT,National currency,2014.0,CZK,Czech Koruna,0.0,Units,,,16632000000.0,,
2014,Denmark,DNK,I-INV-RD,Road infrastructure investment,NAT,National currency,2014.0,DKK,Danish Krone,0.0,Units,,,8212000000.0,,
2014,Finland,FIN,I-INV-RD,Road infrastructure investment,NAT,National currency,2014.0,EUR,Euro,0.0,Units,,,1238000000.0,,
2014,France,FRA,I-INV-RD,Road infrastructure investment,NAT,National currency,2014.0,EUR,Euro,0.0,Units,,,10807203024.0,,
2014,Hungary,HUN,I-INV-RD,Road infrastructure investment,NAT,National currency,2014.0,HUF,Forint,0.0,Units,,,382307000000.0,,
2014,Iceland,ISL,I-INV-RD,Road infrastructure investment,NAT,National currency,2014.0,ISK,Iceland Krona,0.0,Units,,,7014000000.0,,
2014,India,IND,I-INV-RD,Road infrastructure investment,NAT,National currency,2014.0,INR,Indian Rupee,0.0,Units,,,705910000000.0,,
2014,Italy,ITA,I-INV-RD,Road infrastructure investment,NAT,National currency,2014.0,EUR,Euro,0.0,Units,,,3860000000.0,,
2014,Japan,JPN,I-INV-RD,Road infrastructure investment,NAT,National currency,2014.0,JPY,Yen,0.0,Units,,,4166380000000.0,,
2014,Korea,KOR,I-INV-RD,Road infrastructure investment,NAT,National currency,2014.0,KRW,Won,0.0,Units,,,15234405000000.0,,
2014,Lithuania,LTU,I-INV-RD,Road infrastructure investment,NAT,National currency,2014.0,EUR,Euro,0.0,Units,,,224000000.0,,
2014,Netherlands,,,,,,,,,,,,,,,
2014,New Zealand,NZL,I-INV-RD,Road infrastructure investment,NAT,National currency,2014.0,NZD,New Zealand Dollar,0.0,Units,,,1458245644.0,,
2014,Norway,NOR,I-INV-RD,Road infrastructure investment,NAT,National currency,2014.0,NOK,Norwegian Krone,0.0,Units,,,31783000000.0,,
2014,Poland,POL,I-INV-RD,Road infrastructure investment,NAT,National currency,2014.0,PLN,Zloty,0.0,Units,,,7202000000.0,,
2014,Portugal,,,,,,,,,,,,,,,
2014,Slovak Republic,SVK,I-INV-RD,Road infrastructure investment,NAT,National currency,2014.0,EUR,Euro,0.0,Units,,,550000000.0,,
2014,Slovenia,SVN,I-INV-RD,Road infrastructure investment,NAT,National currency,2014.0,EUR,Euro,0.0,Units,,,128000000.0,,
2014,Sweden,SWE,I-INV-RD,Road infrastructure investment,NAT,National currency,2014.0,SEK,Swedish Krona,0.0,Units,,,16964000000.0,,
2014,Switzerland,CHE,I-INV-RD,Road infrastructure investment,NAT,National currency,2014.0,CHF,Swiss Franc,0.0,Units,,,4430000000.0,,
2014,Türkiye,TUR,I-INV-RD,Road infrastructure investment,NAT,National currency,2014.0,TRY,Turkish Lira,0.0,Units,,,19327779807.896,,
2014,United Kingdom,GBR,I-INV-RD,Road infrastructure investment,NAT,National currency,2014.0,GBP,Pound Sterling,0.0,Units,,,6326657000.0,,
2014,United States,USA,I-INV-RD,Road infrastructure investment,NAT,National currency,2014.0,USD,US Dollar,0.0,Units,,,83400000000.0,,
2015,Belgium,BEL,I-INV-RD,Road infrastructure investment,NAT,National currency,2015.0,EUR,Euro,0.0,Units,,,778000000.0,P,Provisional value
2015,Canada,CAN,I-INV-RD,Road infrastructure investment,NAT,National currency,2015.0,CAD,Canadian Dollar,0.0,Units,,,10227752168.48,,
2015,Croatia,HRV,I-INV-RD,Road infrastructure investment,NAT,National currency,2015.0,HRK,Croatian Kuna,0.0,Units,,,1815000000.0,,
2015,Czech Republic,CZE,I-INV-RD,Road infrastructure investment,NAT,National currency,2015.0,CZK,Czech Koruna,0.0,Units,,,24157000000.0,,
2015,Denmark,DNK,I-INV-RD,Road infrastructure investment,NAT,National currency,2015.0,DKK,Danish Krone,0.0,Units,,,8103000000.0,,
2015,Finland,FIN,I-INV-RD,Road infrastructure investment,NAT,National currency,2015.0,EUR,Euro,0.0,Units,,,1243000000.0,,
2015,France,FRA,I-INV-RD,Road infrastructure investment,NAT,National currency,2015.0,EUR,Euro,0.0,Units,,,10011226322.0,,
2015,Hungary,HUN,I-INV-RD,Road infrastructure investment,NAT,National currency,2015.0,HUF,Forint,0.0,Units,,,386652000000.0,,
2015,Iceland,ISL,I-INV-RD,Road infrastructure investment,NAT,National currency,2015.0,ISK,Iceland Krona,0.0,Units,,,9864000000.0,,
2015,India,IND,I-INV-RD,Road infrastructure investment,NAT,National currency,2015.0,INR,Indian Rupee,0.0,Units,,,974240000000.0,,
2015,Italy,ITA,I-INV-RD,Road infrastructure investment,NAT,National currency,2015.0,EUR,Euro,0.0,Units,,,5151000000.0,,
2015,Japan,JPN,I-INV-RD,Road infrastructure investment,NAT,National currency,2015.0,JPY,Yen,0.0,Units,,,3779008000000.0,,
2015,Korea,KOR,I-INV-RD,Road infrastructure investment,NAT,National currency,2015.0,KRW,Won,0.0,Units,,,16531274000000.0,,
2015,Lithuania,LTU,I-INV-RD,Road infrastructure investment,NAT,National currency,2015.0,EUR,Euro,0.0,Units,,,258000000.0,,
2015,Netherlands,,,,,,,,,,,,,,,
2015,New Zealand,NZL,I-INV-RD,Road infrastructure investment,NAT,National currency,2015.0,NZD,New Zealand Dollar,0.0,Units,,,1645296221.0,,
2015,Norway,NOR,I-INV-RD,Road infrastructure investment,NAT,National currency,2015.0,NOK,Norwegian Krone,0.0,Units,,,31825000000.0,,
2015,Poland,POL,I-INV-RD,Road infrastructure investment,NAT,National currency,2015.0,PLN,Zloty,0.0,Units,,,9080000000.0,,
2015,Portugal,,,,,,,,,,,,,,,
2015,Slovak Republic,SVK,I-INV-RD,Road infrastructure investment,NAT,National currency,2015.0,EUR,Euro,0.0,Units,,,1133782000.0,,
2015,Slovenia,SVN,I-INV-RD,Road infrastructure investment,NAT,National currency,2015.0,EUR,Euro,0.0,Units,,,145000000.0,B,Break
2015,Sweden,SWE,I-INV-RD,Road infrastructure investment,NAT,National currency,2015.0,SEK,Swedish Krona,0.0,Units,,,17413000000.0,,
2015,Switzerland,CHE,I-INV-RD,Road infrastructure investment,NAT,National currency,2015.0,CHF,Swiss Franc,0.0,Units,,,4511366157.3241,,
2015,Türkiye,TUR,I-INV-RD,Road infrastructure investment,NAT,National currency,2015.0,TRY,Turkish Lira,0.0,Units,,,27378199420.306,,
2015,United Kingdom,GBR,I-INV-RD,Road infrastructure investment,NAT,National currency,2015.0,GBP,Pound Sterling,0.0,Units,,,6583304000.0,,
2015,United States,USA,I-INV-RD,Road infrastructure investment,NAT,National currency,2015.0,USD,US Dollar,0.0,Units,,,89100000000.0,,
2016,Belgium,BEL,I-INV-RD,Road infrastructure investment,NAT,National currency,2016.0,EUR,Euro,0.0,Units,,,810000000.0,,
2016,Canada,CAN,I-INV-RD,Road infrastructure investment,NAT,National currency,2016.0,CAD,Canadian Dollar,0.0,Units,,,10327375361.98,,
2016,Croatia,HRV,I-INV-RD,Road infrastructure investment,NAT,National currency,2016.0,HRK,Croatian Kuna,0.0,Units,,,1487000000.0,,
2016,Czech Republic,CZE,I-INV-RD,Road infrastructure investment,NAT,National currency,2016.0,CZK,Czech Koruna,0.0,Units,,,22958300000.0,,
2016,Denmark,DNK,I-INV-RD,Road infrastructure investment,NAT,National currency,2016.0,DKK,Danish Krone,0.0,Units,,,8186000000.0,,
2016,Finland,FIN,I-INV-RD,Road infrastructure investment,NAT,National currency,2016.0,EUR,Euro,0.0,Units,,,1178000000.0,,
2016,France,FRA,I-INV-RD,Road infrastructure investment,NAT,National currency,2016.0,EUR,Euro,0.0,Units,,,9216000000.0,,
2016,Hungary,HUN,I-INV-RD,Road infrastructure investment,NAT,National currency,2016.0,HUF,Forint,0.0,Units,,,250023000000.0,,
2016,Iceland,ISL,I-INV-RD,Road infrastructure investment,NAT,National currency,2016.0,ISK,Iceland Krona,0.0,Units,,,9989000000.0,,
2016,India,IND,I-INV-RD,Road infrastructure investment,NAT,National currency,2016.0,INR,Indian Rupee,0.0,Units,,,925980000000.0,,
2016,Italy,ITA,I-INV-RD,Road infrastructure investment,NAT,National currency,2016.0,EUR,Euro,0.0,Units,,,3755000000.0,,
2016,Japan,JPN,I-INV-RD,Road infrastructure investment,NAT,National currency,2016.0,JPY,Yen,0.0,Units,,,3919169000000.0,,
2016,Korea,KOR,I-INV-RD,Road infrastructure investment,NAT,National currency,2016.0,KRW,Won,0.0,Units,,,16136934000000.0,,
2016,Lithuania,LTU,I-INV-RD,Road infrastructure investment,NAT,National currency,2016.0,EUR,Euro,0.0,Units,,,357000000.0,,
2016,Netherlands,,,,,,,,,,,,,,,
2016,New Zealand,NZL,I-INV-RD,Road infrastructure investment,NAT,National currency,2016.0,NZD,New Zealand Dollar,0.0,Units,,,1596863351.0,,
2016,Norway,NOR,I-INV-RD,Road infrastructure investment,NAT,National currency,2016.0,NOK,Norwegian Krone,0.0,Units,,,31440000000.0,,
2016,Poland,POL,I-INV-RD,Road infrastructure investment,NAT,National currency,2016.0,PLN,Zloty,0.0,Units,,,13420000000.0,,
2016,Portugal,,,,,,,,,,,,,,,
2016,Slovak Republic,SVK,I-INV-RD,Road infrastructure investment,NAT,National currency,2016.0,EUR,Euro,0.0,Units,,,751418000.0,,
2016,Slovenia,SVN,I-INV-RD,Road infrastructure investment,NAT,National currency,2016.0,EUR,Euro,0.0,Units,,,149000000.0,,
2016,Sweden,SWE,I-INV-RD,Road infrastructure investment,NAT,National currency,2016.0,SEK,Swedish Krona,0.0,Units,,,19752000000.0,,
2016,Switzerland,CHE,I-INV-RD,Road infrastructure investment,NAT,National currency,2016.0,CHF,Swiss Franc,0.0,Units,,,4326127505.995,,
2016,Türkiye,TUR,I-INV-RD,Road infrastructure investment,NAT,National currency,2016.0,TRY,Turkish Lira,0.0,Units,,,24510379771.813,,
2016,United Kingdom,GBR,I-INV-RD,Road infrastructure investment,NAT,National currency,2016.0,GBP,Pound Sterling,0.0,Units,,,7010939000.0,,
2016,United States,USA,I-INV-RD,Road infrastructure investment,NAT,National currency,2016.0,USD,US Dollar,0.0,Units,,,92900000000.0,,
2017,Belgium,BEL,I-INV-RD,Road infrastructure investment,NAT,National currency,2017.0,EUR,Euro,0.0,Units,,,655906000.0,P,Provisional value
2017,Canada,CAN,I-INV-RD,Road infrastructure investment,NAT,National currency,2017.0,CAD,Canadian Dollar,0.0,Units,,,10955674960.64,,
2017,Croatia,HRV,I-INV-RD,Road infrastructure investment,NAT,National currency,2017.0,HRK,Croatian Kuna,0.0,Units,,,1467000000.0,,
2017,Czech Republic,CZE,I-INV-RD,Road infrastructure investment,NAT,National currency,2017.0,CZK,Czech Koruna,0.0,Units,,,25911000000.0,,
2017,Denmark,DNK,I-INV-RD,Road infrastructure investment,NAT,National currency,2017.0,DKK,Danish Krone,0.0,Units,,,7927000000.0,,
2017,Finland,FIN,I-INV-RD,Road infrastructure investment,NAT,National currency,2017.0,EUR,Euro,0.0,Units,,,1235000000.0,,
2017,France,FRA,I-INV-RD,Road infrastructure investment,NAT,National currency,2017.0,EUR,Euro,0.0,Units,,,9080000000.0,,
2017,Hungary,HUN,I-INV-RD,Road infrastructure investment,NAT,National currency,2017.0,HUF,Forint,0.0,Units,,,395987000000.0,,
2017,Iceland,ISL,I-INV-RD,Road infrastructure investment,NAT,National currency,2017.0,ISK,Iceland Krona,0.0,Units,,,10969000000.0,,
2017,India,,,,,,,,,,,,,,,
2017,Italy,ITA,I-INV-RD,Road infrastructure investment,NAT,National currency,2017.0,EUR,Euro,0.0,Units,,,3409000000.0,,
2017,Japan,JPN,I-INV-RD,Road infrastructure investment,NAT,National currency,2017.0,JPY,Yen,0.0,Units,,,3992721000000.0,,
2017,Korea,KOR,I-INV-RD,Road infrastructure investment,NAT,National currency,2017.0,KRW,Won,0.0,Units,,,16603065000000.0,,
2017,Lithuania,LTU,I-INV-RD,Road infrastructure investment,NAT,National currency,2017.0,EUR,Euro,0.0,Units,,,345000000.0,,
2017,Netherlands,,,,,,,,,,,,,,,
2017,New Zealand,NZL,I-INV-RD,Road infrastructure investment,NAT,National currency,2017.0,NZD,New Zealand Dollar,0.0,Units,,,1496284453.0,,
2017,Norway,NOR,I-INV-RD,Road infrastructure investment,NAT,National currency,2017.0,NOK,Norwegian Krone,0.0,Units,,,34681000000.0,,
2017,Poland,POL,I-INV-RD,Road infrastructure investment,NAT,National currency,2017.0,PLN,Zloty,0.0,Units,,,13661000000.0,,
2017,Portugal,,,,,,,,,,,,,,,
2017,Slovak Republic,SVK,I-INV-RD,Road infrastructure investment,NAT,National currency,2017.0,EUR,Euro,0.0,Units,,,749613000.0,,
2017,Slovenia,SVN,I-INV-RD,Road infrastructure investment,NAT,National currency,2017.0,EUR,Euro,0.0,Units,,,217000000.0,,
2017,Sweden,SWE,I-INV-RD,Road infrastructure investment,NAT,National currency,2017.0,SEK,Swedish Krona,0.0,Units,,,22882000000.0,,
2017,Switzerland,CHE,I-INV-RD,Road infrastructure investment,NAT,National currency,2017.0,CHF,Swiss Franc,0.0,Units,,,4368790430.8763,,
2017,Türkiye,TUR,I-INV-RD,Road infrastructure investment,NAT,National currency,2017.0,TRY,Turkish Lira,0.0,Units,,,25318455631.109,,
2017,United Kingdom,GBR,I-INV-RD,Road infrastructure investment,NAT,National currency,2017.0,GBP,Pound Sterling,0.0,Units,,,7957727000.0,,
2017,United States,USA,I-INV-RD,Road infrastructure investment,NAT,National currency,2017.0,USD,US Dollar,0.0,Units,,,96600000000.0,,
2018,Belgium,BEL,I-INV-RD,Road infrastructure investment,NAT,National currency,2018.0,EUR,Euro,0.0,Units,,,681000000.0,P,Provisional value
2018,Canada,CAN,I-INV-RD,Road infrastructure investment,NAT,National currency,2018.0,CAD,Canadian Dollar,0.0,Units,,,9841000000.0,,
2018,Croatia,HRV,I-INV-RD,Road infrastructure investment,NAT,National currency,2018.0,HRK,Croatian Kuna,0.0,Units,,,2118000000.0,,
2018,Czech Republic,CZE,I-INV-RD,Road infrastructure investment,NAT,National currency,2018.0,CZK,Czech Koruna,0.0,Units,,,26791000000.0,,
2018,Denmark,DNK,I-INV-RD,Road infrastructure investment,NAT,National currency,2018.0,DKK,Danish Krone,0.0,Units,,,8079000000.0,,
2018,Finland,FIN,I-INV-RD,Road infrastructure investment,NAT,National currency,2018.0,EUR,Euro,0.0,Units,,,1526000000.0,,
2018,France,FRA,I-INV-RD,Road infrastructure investment,NAT,National currency,2018.0,EUR,Euro,0.0,Units,,,9883630000.0,,
2018,Hungary,HUN,I-INV-RD,Road infrastructure investment,NAT,National currency,2018.0,HUF,Forint,0.0,Units,,,567608591000.0,,
2018,Iceland,ISL,I-INV-RD,Road infrastructure investment,NAT,National currency,2018.0,ISK,Iceland Krona,0.0,Units,,,12752500000.0,,
2018,India,,,,,,,,,,,,,,,
2018,Italy,ITA,I-INV-RD,Road infrastructure investment,NAT,National currency,2018.0,EUR,Euro,0.0,Units,,,6555000000.0,,
2018,Japan,JPN,I-INV-RD,Road infrastructure investment,NAT,National currency,2018.0,JPY,Yen,0.0,Units,,,3913147000000.0,,
2018,Korea,KOR,I-INV-RD,Road infrastructure investment,NAT,National currency,2018.0,KRW,Won,0.0,Units,,,15741578000000.0,,
2018,Lithuania,LTU,I-INV-RD,Road infrastructure investment,NAT,National currency,2018.0,EUR,Euro,0.0,Units,,,325000000.0,,
2018,Netherlands,,,,,,,,,,,,,,,
2018,New Zealand,NZL,I-INV-RD,Road infrastructure investment,NAT,National currency,2018.0,NZD,New Zealand Dollar,0.0,Units,,,1804526231.0,,
2018,Norway,NOR,I-INV-RD,Road infrastructure investment,NAT,National currency,2018.0,NOK,Norwegian Krone,0.0,Units,,,38988000000.0,,
2018,Poland,POL,I-INV-RD,Road infrastructure investment,NAT,National currency,2018.0,PLN,Zloty,0.0,Units,,,11370000000.0,,
2018,Portugal,,,,,,,,,,,,,,,
2018,Slovak Republic,SVK,I-INV-RD,Road infrastructure investment,NAT,National currency,2018.0,EUR,Euro,0.0,Units,,,768840000.0,,
2018,Slovenia,SVN,I-INV-RD,Road infrastructure investment,NAT,National currency,2018.0,EUR,Euro,0.0,Units,,,330000000.0,,
2018,Sweden,SWE,I-INV-RD,Road infrastructure investment,NAT,National currency,2018.0,SEK,Swedish Krona,0.0,Units,,,25611000000.0,,
2018,Switzerland,CHE,I-INV-RD,Road infrastructure investment,NAT,National currency,2018.0,CHF,Swiss Franc,0.0,Units,,,4407738968.4266,,
2018,Türkiye,TUR,I-INV-RD,Road infrastructure investment,NAT,National currency,2018.0,TRY,Turkish Lira,0.0,Units,,,49606855462.798,,
2018,United Kingdom,GBR,I-INV-RD,Road infrastructure investment,NAT,National currency,2018.0,GBP,Pound Sterling,0.0,Units,,,7674053000.0,,
2018,United States,USA,I-INV-RD,Road infrastructure investment,NAT,National currency,2018.0,USD,US Dollar,0.0,Units,,,102300000000.0,,
2019,Belgium,BEL,I-INV-RD,Road infrastructure investment,NAT,National currency,2019.0,EUR,Euro,0.0,Units,,,735000000.0,P,Provisional value
2019,Canada,CAN,I-INV-RD,Road infrastructure investment,NAT,National currency,2019.0,CAD,Canadian Dollar,0.0,Units,,,11207000000.0,P,Provisional value
2019,Croatia,HRV,I-INV-RD,Road infrastructure investment,NAT,National currency,2019.0,HRK,Croatian Kuna,0.0,Units,,,2632000000.0,,
2019,Czech Republic,CZE,I-INV-RD,Road infrastructure investment,NAT,National currency,2019.0,CZK,Czech Koruna,0.0,Units,,,35503000000.0,,
2019,Denmark,,,,,,,,,,,,,,,
2019,Finland,FIN,I-INV-RD,Road infrastructure investment,NAT,National currency,2019.0,EUR,Euro,0.0,Units,,,1522000000.0,,
2019,France,FRA,I-INV-RD,Road infrastructure investment,NAT,National currency,2019.0,EUR,Euro,0.0,Units,,,10413000000.0,,
2019,Hungary,HUN,I-INV-RD,Road infrastructure investment,NAT,National currency,2019.0,HUF,Forint,0.0,Units,,,744319000000.0,,
2019,Iceland,ISL,I-INV-RD,Road infrastructure investment,NAT,National currency,2019.0,ISK,Iceland Krona,0.0,Units,,,12585400000.0,,
2019,India,,,,,,,,,,,,,,,
2019,Italy,ITA,I-INV-RD,Road infrastructure investment,NAT,National currency,2019.0,EUR,Euro,0.0,Units,,,4310000000.0,,
2019,Japan,JPN,I-INV-RD,Road infrastructure investment,NAT,National currency,2019.0,JPY,Yen,0.0,Units,,,4006026000000.0,,
2019,Korea,KOR,I-INV-RD,Road infrastructure investment,NAT,National currency,2019.0,KRW,Won,0.0,Units,,,17226275000000.0,,
2019,Lithuania,LTU,I-INV-RD,Road infrastructure investment,NAT,National currency,2019.0,EUR,Euro,0.0,Units,,,352000000.0,,
2019,Netherlands,,,,,,,,,,,,,,,
2019,New Zealand,NZL,I-INV-RD,Road infrastructure investment,NAT,National currency,2019.0,NZD,New Zealand Dollar,0.0,Units,,,1769000000.0,,
2019,Norway,NOR,I-INV-RD,Road infrastructure investment,NAT,National currency,2019.0,NOK,Norwegian Krone,0.0,Units,,,39907000000.0,,
2019,Poland,POL,I-INV-RD,Road infrastructure investment,NAT,National currency,2019.0,PLN,Zloty,0.0,Units,,,10380000000.0,,
2019,Portugal,,,,,,,,,,,,,,,
2019,Slovak Republic,,,,,,,,,,,,,,,
2019,Slovenia,SVN,I-INV-RD,Road infrastructure investment,NAT,National currency,2019.0,EUR,Euro,0.0,Units,,,306000000.0,,
2019,Sweden,SWE,I-INV-RD,Road infrastructure investment,NAT,National currency,2019.0,SEK,Swedish Krona,0.0,Units,,,26503000000.0,,
2019,Switzerland,CHE,I-INV-RD,Road infrastructure investment,NAT,National currency,2019.0,CHF,Swiss Franc,0.0,Units,,,4785430086.8947,,
2019,Türkiye,TUR,I-INV-RD,Road infrastructure investment,NAT,National currency,2019.0,TRY,Turkish Lira,0.0,Units,,,39987292059.66,,
2019,United Kingdom,GBR,I-INV-RD,Road infrastructure investment,NAT,National currency,2019.0,GBP,Pound Sterling,0.0,Units,,,8459419000.0,,
2019,United States,USA,I-INV-RD,Road infrastructure investment,NAT,National currency,2019.0,USD,US Dollar,0.0,Units,,,107700000000.0,,
2020,Belgium,BEL,I-INV-RD,Road infrastructure investment,NAT,National currency,2020.0,EUR,Euro,0.0,Units,,,607000000.0,,
2020,Canada,,,,,,,,,,,,,,,
2020,Croatia,HRV,I-INV-RD,Road infrastructure investment,NAT,National currency,2020.0,HRK,Croatian Kuna,0.0,Units,,,3332000000.0,,
2020,Czech Republic,CZE,I-INV-RD,Road infrastructure investment,NAT,National currency,2020.0,CZK,Czech Koruna,0.0,Units,,,43411000000.0,,
2020,Denmark,,,,,,,,,,,,,,,
2020,Finland,FIN,I-INV-RD,Road infrastructure investment,NAT,National currency,2020.0,EUR,Euro,0.0,Units,,,1444000000.0,,
2020,France,FRA,I-INV-RD,Road infrastructure investment,NAT,National currency,2020.0,EUR,Euro,0.0,Units,,,9630572000.0,,
2020,Hungary,HUN,I-INV-RD,Road infrastructure investment,NAT,National currency,2020.0,HUF,Forint,0.0,Units,,,639271218000.0,,
2020,Iceland,ISL,I-INV-RD,Road infrastructure investment,NAT,National currency,2020.0,ISK,Iceland Krona,0.0,Units,,,16575000000.0,,
2020,India,,,,,,,,,,,,,,,
2020,Italy,ITA,I-INV-RD,Road infrastructure investment,NAT,National currency,2020.0,EUR,Euro,0.0,Units,,,4393000000.0,,
2020,Japan,,,,,,,,,,,,,,,
2020,Korea,,,,,,,,,,,,,,,
2020,Lithuania,LTU,I-INV-RD,Road infrastructure investment,NAT,National currency,2020.0,EUR,Euro,0.0,Units,,,466000000.0,,
2020,Netherlands,,,,,,,,,,,,,,,
2020,New Zealand,NZL,I-INV-RD,Road infrastructure investment,NAT,National currency,2020.0,NZD,New Zealand Dollar,0.0,Units,,,2419000000.0,,
2020,Norway,NOR,I-INV-RD,Road infrastructure investment,NAT,National currency,2020.0,NOK,Norwegian Krone,0.0,Units,,,35097000000.0,,
2020,Poland,POL,I-INV-RD,Road infrastructure investment,NAT,National currency,2020.0,PLN,Zloty,0.0,Units,,,14252000000.0,,
2020,Portugal,,,,,,,,,,,,,,,
2020,Slovak Republic,SVK,I-INV-RD,Road infrastructure investment,NAT,National currency,2020.0,EUR,Euro,0.0,Units,,,752200000.0,,
2020,Slovenia,SVN,I-INV-RD,Road infrastructure investment,NAT,National currency,2020.0,EUR,Euro,0.0,Units,,,235000000.0,,
2020,Sweden,SWE,I-INV-RD,Road infrastructure investment,NAT,National currency,2020.0,SEK,Swedish Krona,0.0,Units,,,30852000000.0,,
2020,Switzerland,CHE,I-INV-RD,Road infrastructure investment,NAT,National currency,2020.0,CHF,Swiss Franc,0.0,Units,,,5030848325.9883,,
2020,Türkiye,TUR,I-INV-RD,Road infrastructure investment,NAT,National currency,2020.0,TRY,Turkish Lira,0.0,Units,,,43774773475.785,,
2020,United Kingdom,,,,,,,,,,,,,,,
2020,United States,USA,I-INV-RD,Road infrastructure investment,NAT,National currency,2020.0,USD,US Dollar,0.0,Units,,,106300000000.0,,
2021,Belgium,BEL,I-INV-RD,Road infrastructure investment,NAT,National currency,2021.0,EUR,Euro,0.0,Units,,,1311000000.0,,
2021,Canada,,,,,,,,,,,,,,,
2021,Croatia,HRV,I-INV-RD,Road infrastructure investment,NAT,National currency,2021.0,HRK,Croatian Kuna,0.0,Units,,,4043000000.0,,
2021,Czech Republic,CZE,I-INV-RD,Road infrastructure investment,NAT,National currency,2021.0,CZK,Czech Koruna,0.0,Units,,,46604000000.0,,
2021,Denmark,,,,,,,,,,,,,,,
2021,Finland,FIN,I-INV-RD,Road infrastructure investment,NAT,National currency,2021.0,EUR,Euro,0.0,Units,,,1375000000.0,,
2021,France,FRA,I-INV-RD,Road infrastructure investment,NAT,National currency,2021.0,EUR,Euro,0.0,Units,,,10153386000.0,P,Provisional value
2021,Hungary,HUN,I-INV-RD,Road infrastructure investment,NAT,National currency,2021.0,HUF,Forint,0.0,Units,,,679027989000.0,,
2021,Iceland,ISL,I-INV-RD,Road infrastructure investment,NAT,National currency,2021.0,ISK,Iceland Krona,0.0,Units,,,15673000000.0,,
2021,India,,,,,,,,,,,,,,,
2021,Italy,,,,,,,,,,,,,,,
2021,Japan,,,,,,,,,,,,,,,
2021,Korea,,,,,,,,,,,,,,,
2021,Lithuania,LTU,I-INV-RD,Road infrastructure investment,NAT,National currency,2021.0,EUR,Euro,0.0,Units,,,434000000.0,,
2021,Netherlands,,,,,,,,,,,,,,,
2021,New Zealand,NZL,I-INV-RD,Road infrastructure investment,NAT,National currency,2021.0,NZD,New Zealand Dollar,0.0,Units,,,1693000000.0,,
2021,Norway,,,,,,,,,,,,,,,
2021,Poland,POL,I-INV-RD,Road infrastructure investment,NAT,National currency,2021.0,PLN,Zloty,0.0,Units,,,14467000000.0,,
2021,Portugal,,,,,,,,,,,,,,,
2021,Slovak Republic,SVK,I-INV-RD,Road infrastructure investment,NAT,National currency,2021.0,EUR,Euro,0.0,Units,,,1113000000.0,,
2021,Slovenia,SVN,I-INV-RD,Road infrastructure investment,NAT,National currency,2021.0,EUR,Euro,0.0,Units,,,299000000.0,,
2021,Sweden,SWE,I-INV-RD,Road infrastructure investment,NAT,National currency,2021.0,SEK,Swedish Krona,0.0,Units,,,29527000000.0,,
2021,Switzerland,,,,,,,,,,,,,,,
2021,Türkiye,TUR,I-INV-RD,Road infrastructure investment,NAT,National currency,2021.0,TRY,Turkish Lira,0.0,Units,,,44455458432.351,,
2021,United Kingdom,,,,,,,,,,,,,,,
2021,United States,USA,I-INV-RD,Road infrastructure investment,NAT,National currency,2021.0,USD,US Dollar,0.0,Units,,,108600000000.0,,
