Year,Country,LOCATION,SEX,Sex,AGE,Age,TIME,Value,Flag Codes,Flags
1995,Belgium,BEL,T,Total,TOTAL,Total,1995,10136814.0,,
1995,Canada,CAN,T,Total,TOTAL,Total,1995,29302311.0,,
1995,Czech Republic,CZE,T,Total,TOTAL,Total,1995,10330759.0,,
1995,Denmark,DNK,T,Total,TOTAL,Total,1995,5227861.0,,
1995,Finland,FIN,T,Total,TOTAL,Total,1995,5107787.0,,
1995,France,FRA,T,Total,TOTAL,Total,1995,59383991.0,,
1995,Hungary,HUN,T,Total,TOTAL,Total,1995,10328967.0,,
1995,Iceland,ISL,T,Total,TOTAL,Total,1995,267467.0,,
1995,Italy,ITA,T,Total,TOTAL,Total,1995,56844301.0,,
1995,Japan,JPN,T,Total,TOTAL,Total,1995,125570246.0,,
1995,Korea,KOR,T,Total,TOTAL,Total,1995,45092991.0,,
1995,Netherlands,NLD,T,Total,TOTAL,Total,1995,15459004.0,,
1995,New Zealand,NZL,T,Total,TOTAL,Total,1995,3673400.0,,
1995,Norway,NOR,T,Total,TOTAL,Total,1995,4359187.0,,
1995,Poland,POL,T,Total,TOTAL,Total,1995,38274500.0,,
1995,Portugal,PRT,T,Total,TOTAL,Total,1995,10026176.0,,
1995,Slovak Republic,SVK,T,Total,TOTAL,Total,1995,5363676.0,,
1995,Sweden,SWE,T,Total,TOTAL,Total,1995,8826944.0,,
1995,Switzerland,CHE,T,Total,TOTAL,Total,1995,7040687.0,,
1995,Türkiye,TUR,T,Total,TOTAL,Total,1995,59756000.0,,
1995,United Kingdom,GBR,T,Total,TOTAL,Total,1995,58024799.0,,
1995,United States,USA,T,Total,TOTAL,Total,1995,266278393.0,,
1995,Croatia,HRV,T,Total,TOTAL,Total,1995,4807101.0,,
1995,India,IND,T,Total,TOTAL,Total,1995,964279130.0,,
1995,Lithuania,LTU,T,Total,TOTAL,Total,1995,3629102.0,,
1995,Slovenia,SVN,T,Total,TOTAL,Total,1995,1987505.0,,
1996,Belgium,BEL,T,Total,TOTAL,Total,1996,10156641.0,,
1996,Canada,CAN,T,Total,TOTAL,Total,1996,29610218.0,,
1996,Czech Republic,CZE,T,Total,TOTAL,Total,1996,10315353.0,,
1996,Denmark,DNK,T,Total,TOTAL,Total,1996,5261503.0,,
1996,Finland,FIN,T,Total,TOTAL,Total,1996,5124573.0,,
1996,France,FRA,T,Total,TOTAL,Total,1996,59589289.0,,
1996,Hungary,HUN,T,Total,TOTAL,Total,1996,10311235.0,,
1996,Iceland,ISL,T,Total,TOTAL,Total,1996,268918.0,,
1996,Italy,ITA,T,Total,TOTAL,Total,1996,56860279.0,,
1996,Japan,JPN,T,Total,TOTAL,Total,1996,125864000.0,,
1996,Korea,KOR,T,Total,TOTAL,Total,1996,45524681.0,,
1996,Netherlands,NLD,T,Total,TOTAL,Total,1996,15530500.0,,
1996,New Zealand,NZL,T,Total,TOTAL,Total,1996,3732000.0,,
1996,Norway,NOR,T,Total,TOTAL,Total,1996,4381339.0,,
1996,Poland,POL,T,Total,TOTAL,Total,1996,38289000.0,,
1996,Portugal,PRT,T,Total,TOTAL,Total,1996,10063944.5,,
1996,Slovak Republic,SVK,T,Total,TOTAL,Total,1996,5373793.0,,
1996,Sweden,SWE,T,Total,TOTAL,Total,1996,8840999.0,,
1996,Switzerland,CHE,T,Total,TOTAL,Total,1996,7071851.0,,
1996,Türkiye,TUR,T,Total,TOTAL,Total,1996,60671000.0,,
1996,United Kingdom,GBR,T,Total,TOTAL,Total,1996,58164374.0,,
1996,United States,USA,T,Total,TOTAL,Total,1996,269394284.0,,
1996,Croatia,HRV,T,Total,TOTAL,Total,1996,4758633.0,,
1996,India,IND,T,Total,TOTAL,Total,1996,983281215.0,,
1996,Lithuania,LTU,T,Total,TOTAL,Total,1996,3601613.0,,
1996,Slovenia,SVN,T,Total,TOTAL,Total,1996,1991169.0,,
1997,Belgium,BEL,T,Total,TOTAL,Total,1997,10181246.0,,
1997,Canada,CAN,T,Total,TOTAL,Total,1997,29905948.0,,
1997,Czech Republic,CZE,T,Total,TOTAL,Total,1997,10303642.0,,
1997,Denmark,DNK,T,Total,TOTAL,Total,1997,5284220.0,,
1997,Finland,FIN,T,Total,TOTAL,Total,1997,5139839.0,,
1997,France,FRA,T,Total,TOTAL,Total,1997,59795263.0,,
1997,Hungary,HUN,T,Total,TOTAL,Total,1997,10290475.0,,
1997,Iceland,ISL,T,Total,TOTAL,Total,1997,271130.0,,
1997,Italy,ITA,T,Total,TOTAL,Total,1997,56890371.0,,
1997,Japan,JPN,T,Total,TOTAL,Total,1997,126166000.0,,
1997,Korea,KOR,T,Total,TOTAL,Total,1997,45953580.0,,
1997,Netherlands,NLD,T,Total,TOTAL,Total,1997,15610650.0,,
1997,New Zealand,NZL,T,Total,TOTAL,Total,1997,3781300.0,,
1997,Norway,NOR,T,Total,TOTAL,Total,1997,4405158.0,,
1997,Poland,POL,T,Total,TOTAL,Total,1997,38292000.0,,
1997,Portugal,PRT,T,Total,TOTAL,Total,1997,10108977.0,,
1997,Slovak Republic,SVK,T,Total,TOTAL,Total,1997,5383233.0,,
1997,Sweden,SWE,T,Total,TOTAL,Total,1997,8846059.0,,
1997,Switzerland,CHE,T,Total,TOTAL,Total,1997,7088906.0,,
1997,Türkiye,TUR,T,Total,TOTAL,Total,1997,61582000.0,,
1997,United Kingdom,GBR,T,Total,TOTAL,Total,1997,58314249.0,,
1997,United States,USA,T,Total,TOTAL,Total,1997,272646925.0,,
1997,Croatia,HRV,T,Total,TOTAL,Total,1997,4711372.0,,
1997,India,IND,T,Total,TOTAL,Total,1997,1002335230.0,,
1997,Lithuania,LTU,T,Total,TOTAL,Total,1997,3575137.0,,
1997,Slovenia,SVN,T,Total,TOTAL,Total,1997,1986848.0,,
1998,Belgium,BEL,T,Total,TOTAL,Total,1998,10203012.0,,
1998,Canada,CAN,T,Total,TOTAL,Total,1998,30155173.0,,
1998,Czech Republic,CZE,T,Total,TOTAL,Total,1998,10294943.0,,
1998,Denmark,DNK,T,Total,TOTAL,Total,1998,5301304.0,,
1998,Finland,FIN,T,Total,TOTAL,Total,1998,5153499.0,,
1998,France,FRA,T,Total,TOTAL,Total,1998,60011008.0,,
1998,Hungary,HUN,T,Total,TOTAL,Total,1998,10266571.0,,
1998,Iceland,ISL,T,Total,TOTAL,Total,1998,274049.0,,
1998,Italy,ITA,T,Total,TOTAL,Total,1998,56906744.0,,
1998,Japan,JPN,T,Total,TOTAL,Total,1998,126486000.0,,
1998,Korea,KOR,T,Total,TOTAL,Total,1998,46286503.0,,
1998,Netherlands,NLD,T,Total,TOTAL,Total,1998,15707205.0,,
1998,New Zealand,NZL,T,Total,TOTAL,Total,1998,3815000.0,,
1998,Norway,NOR,T,Total,TOTAL,Total,1998,4431465.0,,
1998,Poland,POL,T,Total,TOTAL,Total,1998,38283500.0,,
1998,Portugal,PRT,T,Total,TOTAL,Total,1998,10160196.0,,
1998,Slovak Republic,SVK,T,Total,TOTAL,Total,1998,5390866.0,,
1998,Sweden,SWE,T,Total,TOTAL,Total,1998,8850975.0,,
1998,Switzerland,CHE,T,Total,TOTAL,Total,1998,7110002.0,,
1998,Türkiye,TUR,T,Total,TOTAL,Total,1998,62464000.0,,
1998,United Kingdom,GBR,T,Total,TOTAL,Total,1998,58474943.0,,
1998,United States,USA,T,Total,TOTAL,Total,1998,275854104.0,,
1998,Croatia,HRV,T,Total,TOTAL,Total,1998,4659932.0,,
1998,India,IND,T,Total,TOTAL,Total,1998,1021434576.0,,
1998,Lithuania,LTU,T,Total,TOTAL,Total,1998,3549331.0,,
1998,Slovenia,SVN,T,Total,TOTAL,Total,1998,1982603.0,,
1999,Belgium,BEL,T,Total,TOTAL,Total,1999,10226419.0,,
1999,Canada,CAN,T,Total,TOTAL,Total,1999,30401286.0,,
1999,Czech Republic,CZE,T,Total,TOTAL,Total,1999,10282784.0,,
1999,Denmark,DNK,T,Total,TOTAL,Total,1999,5319111.0,,
1999,Finland,FIN,T,Total,TOTAL,Total,1999,5165470.0,,
1999,France,FRA,T,Total,TOTAL,Total,1999,60315406.0,,
1999,Hungary,HUN,T,Total,TOTAL,Total,1999,10237527.0,,
1999,Iceland,ISL,T,Total,TOTAL,Total,1999,277384.0,,
1999,Italy,ITA,T,Total,TOTAL,Total,1999,56916316.0,,
1999,Japan,JPN,T,Total,TOTAL,Total,1999,126686000.0,,
1999,Korea,KOR,T,Total,TOTAL,Total,1999,46616677.0,,
1999,Netherlands,NLD,T,Total,TOTAL,Total,1999,15812085.0,,
1999,New Zealand,NZL,T,Total,TOTAL,Total,1999,3835100.0,,
1999,Norway,NOR,T,Total,TOTAL,Total,1999,4461915.0,,
1999,Poland,POL,T,Total,TOTAL,Total,1999,38270000.0,,
1999,Portugal,PRT,T,Total,TOTAL,Total,1999,10217828.0,,
1999,Slovak Republic,SVK,T,Total,TOTAL,Total,1999,5395324.0,,
1999,Sweden,SWE,T,Total,TOTAL,Total,1999,8857879.0,,
1999,Switzerland,CHE,T,Total,TOTAL,Total,1999,7143991.0,,
1999,Türkiye,TUR,T,Total,TOTAL,Total,1999,63364000.0,,
1999,United Kingdom,GBR,T,Total,TOTAL,Total,1999,58684427.0,,
1999,United States,USA,T,Total,TOTAL,Total,1999,279040168.0,,
1999,Croatia,HRV,T,Total,TOTAL,Total,1999,4605331.0,,
1999,India,IND,T,Total,TOTAL,Total,1999,1040500052.0,,
1999,Lithuania,LTU,T,Total,TOTAL,Total,1999,3524237.0,,
1999,Slovenia,SVN,T,Total,TOTAL,Total,1999,1985557.0,,
2000,Belgium,BEL,T,Total,TOTAL,Total,2000,10251251.0,,
2000,Canada,CAN,T,Total,TOTAL,Total,2000,30685730.0,,
2000,Czech Republic,CZE,T,Total,TOTAL,Total,2000,10272503.0,,
2000,Denmark,DNK,T,Total,TOTAL,Total,2000,5337344.0,,
2000,Finland,FIN,T,Total,TOTAL,Total,2000,5176203.0,,
2000,France,FRA,T,Total,TOTAL,Total,2000,60724780.0,,
2000,Hungary,HUN,T,Total,TOTAL,Total,2000,10210965.0,,
2000,Iceland,ISL,T,Total,TOTAL,Total,2000,281200.0,,
2000,Italy,ITA,T,Total,TOTAL,Total,2000,56942108.0,,
2000,Japan,JPN,T,Total,TOTAL,Total,2000,126925843.0,,
2000,Korea,KOR,T,Total,TOTAL,Total,2000,47008111.0,,
2000,Netherlands,NLD,T,Total,TOTAL,Total,2000,15925505.0,,
2000,New Zealand,NZL,T,Total,TOTAL,Total,2000,3857700.0,,
2000,Norway,NOR,T,Total,TOTAL,Total,2000,4490973.0,,
2000,Poland,POL,T,Total,TOTAL,Total,2000,38258477.5,,
2000,Portugal,PRT,T,Total,TOTAL,Total,2000,10289898.0,,
2000,Slovak Republic,SVK,T,Total,TOTAL,Total,2000,5400679.0,,
2000,Sweden,SWE,T,Total,TOTAL,Total,2000,8872112.0,,
2000,Switzerland,CHE,T,Total,TOTAL,Total,2000,7184250.0,,
2000,Türkiye,TUR,T,Total,TOTAL,Total,2000,64268751.0,,
2000,United Kingdom,GBR,T,Total,TOTAL,Total,2000,58886065.0,,
2000,United States,USA,T,Total,TOTAL,Total,2000,282162411.0,,
2000,Croatia,HRV,T,Total,TOTAL,Total,2000,4548433.0,,
2000,India,IND,T,Total,TOTAL,Total,2000,1059633677.0,,
2000,Lithuania,LTU,T,Total,TOTAL,Total,2000,3499534.0,,
2000,Slovenia,SVN,T,Total,TOTAL,Total,2000,1990272.0,,
2001,Belgium,BEL,T,Total,TOTAL,Total,2001,10286571.0,,
2001,Canada,CAN,T,Total,TOTAL,Total,2001,31020902.0,,
2001,Czech Republic,CZE,T,Total,TOTAL,Total,2001,10224192.0,,
2001,Denmark,DNK,T,Total,TOTAL,Total,2001,5355082.0,,
2001,Finland,FIN,T,Total,TOTAL,Total,2001,5188005.0,,
2001,France,FRA,T,Total,TOTAL,Total,2001,61163237.0,,
2001,Hungary,HUN,T,Total,TOTAL,Total,2001,10187578.0,,
2001,Iceland,ISL,T,Total,TOTAL,Total,2001,284970.0,,
2001,Italy,ITA,T,Total,TOTAL,Total,2001,56976976.0,,
2001,Japan,JPN,T,Total,TOTAL,Total,2001,127291000.0,,
2001,Korea,KOR,T,Total,TOTAL,Total,2001,47370164.0,,
2001,Netherlands,NLD,T,Total,TOTAL,Total,2001,16046182.0,,
2001,New Zealand,NZL,T,Total,TOTAL,Total,2001,3880500.0,,
2001,Norway,NOR,T,Total,TOTAL,Total,2001,4513747.0,,
2001,Poland,POL,T,Total,TOTAL,Total,2001,38248076.0,,
2001,Portugal,PRT,T,Total,TOTAL,Total,2001,10362721.5,,
2001,Slovak Republic,SVK,T,Total,TOTAL,Total,2001,5379780.0,,
2001,Sweden,SWE,T,Total,TOTAL,Total,2001,8895963.0,,
2001,Switzerland,CHE,T,Total,TOTAL,Total,2001,7226647.0,,
2001,Türkiye,TUR,T,Total,TOTAL,Total,2001,65166330.5,,
2001,United Kingdom,GBR,T,Total,TOTAL,Total,2001,59113016.0,,
2001,United States,USA,T,Total,TOTAL,Total,2001,284968955.0,,
2001,Croatia,HRV,T,Total,TOTAL,Total,2001,4299642.0,,
2001,India,IND,T,Total,TOTAL,Total,2001,1078970908.0,,
2001,Lithuania,LTU,T,Total,TOTAL,Total,2001,3470818.0,,
2001,Slovenia,SVN,T,Total,TOTAL,Total,2001,1992035.0,,
2002,Belgium,BEL,T,Total,TOTAL,Total,2002,10332786.0,,
2002,Canada,CAN,T,Total,TOTAL,Total,2002,31360079.0,,
2002,Czech Republic,CZE,T,Total,TOTAL,Total,2002,10200774.0,,
2002,Denmark,DNK,T,Total,TOTAL,Total,2002,5374255.0,,
2002,Finland,FIN,T,Total,TOTAL,Total,2002,5200598.0,,
2002,France,FRA,T,Total,TOTAL,Total,2002,61604550.0,,
2002,Hungary,HUN,T,Total,TOTAL,Total,2002,10158610.0,,
2002,Iceland,ISL,T,Total,TOTAL,Total,2002,287516.0,,
2002,Italy,ITA,T,Total,TOTAL,Total,2002,57089823.0,,
2002,Japan,JPN,T,Total,TOTAL,Total,2002,127435000.0,,
2002,Korea,KOR,T,Total,TOTAL,Total,2002,47644736.0,,
2002,Netherlands,NLD,T,Total,TOTAL,Total,2002,16148921.0,,
2002,New Zealand,NZL,T,Total,TOTAL,Total,2002,3948500.0,,
2002,Norway,NOR,T,Total,TOTAL,Total,2002,4538157.0,,
2002,Poland,POL,T,Total,TOTAL,Total,2002,38232301.0,,
2002,Portugal,PRT,T,Total,TOTAL,Total,2002,10419630.5,,
2002,Slovak Republic,SVK,T,Total,TOTAL,Total,2002,5378809.0,,
2002,Sweden,SWE,T,Total,TOTAL,Total,2002,8924960.0,,
2002,Switzerland,CHE,T,Total,TOTAL,Total,2002,7284754.0,,
2002,Türkiye,TUR,T,Total,TOTAL,Total,2002,66002505.5,,
2002,United Kingdom,GBR,T,Total,TOTAL,Total,2002,59365677.0,,
2002,United States,USA,T,Total,TOTAL,Total,2002,287625193.0,,
2002,Croatia,HRV,T,Total,TOTAL,Total,2002,4302174.0,,
2002,India,IND,T,Total,TOTAL,Total,2002,1098313040.0,,
2002,Lithuania,LTU,T,Total,TOTAL,Total,2002,3443067.0,,
2002,Slovenia,SVN,T,Total,TOTAL,Total,2002,1995718.0,,
2003,Belgium,BEL,T,Total,TOTAL,Total,2003,10376131.0,,
2003,Canada,CAN,T,Total,TOTAL,Total,2003,31644028.0,,
2003,Czech Republic,CZE,T,Total,TOTAL,Total,2003,10201651.0,,
2003,Denmark,DNK,T,Total,TOTAL,Total,2003,5387174.0,,
2003,Finland,FIN,T,Total,TOTAL,Total,2003,5213010.0,,
2003,France,FRA,T,Total,TOTAL,Total,2003,62037544.0,,
2003,Hungary,HUN,T,Total,TOTAL,Total,2003,10129554.0,,
2003,Iceland,ISL,T,Total,TOTAL,Total,2003,289522.0,,
2003,Italy,ITA,T,Total,TOTAL,Total,2003,57399187.0,,
2003,Japan,JPN,T,Total,TOTAL,Total,2003,127619000.0,,
2003,Korea,KOR,T,Total,TOTAL,Total,2003,47892330.0,,
2003,Netherlands,NLD,T,Total,TOTAL,Total,2003,16225303.0,,
2003,New Zealand,NZL,T,Total,TOTAL,Total,2003,4027200.0,,
2003,Norway,NOR,T,Total,TOTAL,Total,2003,4564856.0,,
2003,Poland,POL,T,Total,TOTAL,Total,2003,38195177.0,,
2003,Portugal,PRT,T,Total,TOTAL,Total,2003,10458821.0,,
2003,Slovak Republic,SVK,T,Total,TOTAL,Total,2003,5378950.0,,
2003,Sweden,SWE,T,Total,TOTAL,Total,2003,8958232.0,,
2003,Switzerland,CHE,T,Total,TOTAL,Total,2003,7339002.0,,
2003,Türkiye,TUR,T,Total,TOTAL,Total,2003,66794551.0,,
2003,United Kingdom,GBR,T,Total,TOTAL,Total,2003,59636662.0,,
2003,United States,USA,T,Total,TOTAL,Total,2003,290107933.0,,
2003,Croatia,HRV,T,Total,TOTAL,Total,2003,4303399.0,,
2003,India,IND,T,Total,TOTAL,Total,2003,1117415124.0,,
2003,Lithuania,LTU,T,Total,TOTAL,Total,2003,3415213.0,,
2003,Slovenia,SVN,T,Total,TOTAL,Total,2003,1996773.0,,
2004,Belgium,BEL,T,Total,TOTAL,Total,2004,10421136.0,,
2004,Canada,CAN,T,Total,TOTAL,Total,2004,31940655.0,,
2004,Czech Republic,CZE,T,Total,TOTAL,Total,2004,10206923.0,,
2004,Denmark,DNK,T,Total,TOTAL,Total,2004,5401177.0,,
2004,Finland,FIN,T,Total,TOTAL,Total,2004,5228173.0,,
2004,France,FRA,T,Total,TOTAL,Total,2004,62490800.0,,
2004,Hungary,HUN,T,Total,TOTAL,Total,2004,10107140.0,,
2004,Iceland,ISL,T,Total,TOTAL,Total,2004,292077.0,,
2004,Italy,ITA,T,Total,TOTAL,Total,2004,57828178.0,,
2004,Japan,JPN,T,Total,TOTAL,Total,2004,127687000.0,,
2004,Korea,KOR,T,Total,TOTAL,Total,2004,48082519.0,,
2004,Netherlands,NLD,T,Total,TOTAL,Total,2004,16281777.0,,
2004,New Zealand,NZL,T,Total,TOTAL,Total,2004,4087500.0,,
2004,Norway,NOR,T,Total,TOTAL,Total,2004,4591909.0,,
2004,Poland,POL,T,Total,TOTAL,Total,2004,38180249.0,,
2004,Portugal,PRT,T,Total,TOTAL,Total,2004,10483861.0,,
2004,Slovak Republic,SVK,T,Total,TOTAL,Total,2004,5382574.0,,
2004,Sweden,SWE,T,Total,TOTAL,Total,2004,8993534.0,,
2004,Switzerland,CHE,T,Total,TOTAL,Total,2004,7389626.0,,
2004,Türkiye,TUR,T,Total,TOTAL,Total,2004,67598736.0,,
2004,United Kingdom,GBR,T,Total,TOTAL,Total,2004,59950364.0,,
2004,United States,USA,T,Total,TOTAL,Total,2004,292805298.0,,
2004,Croatia,HRV,T,Total,TOTAL,Total,2004,4304600.0,,
2004,India,IND,T,Total,TOTAL,Total,2004,1136264580.0,,
2004,Lithuania,LTU,T,Total,TOTAL,Total,2004,3377075.0,,
2004,Slovenia,SVN,T,Total,TOTAL,Total,2004,1997004.0,,
2005,Belgium,BEL,T,Total,TOTAL,Total,2005,10478620.0,,
2005,Canada,CAN,T,Total,TOTAL,Total,2005,32243753.0,,
2005,Czech Republic,CZE,T,Total,TOTAL,Total,2005,10234092.0,,
2005,Denmark,DNK,T,Total,TOTAL,Total,2005,5415978.0,,
2005,Finland,FIN,T,Total,TOTAL,Total,2005,5246100.0,,
2005,France,FRA,T,Total,TOTAL,Total,2005,62958328.0,,
2005,Hungary,HUN,T,Total,TOTAL,Total,2005,10087064.0,,
2005,Iceland,ISL,T,Total,TOTAL,Total,2005,296734.0,,
2005,Italy,ITA,T,Total,TOTAL,Total,2005,58166684.0,,
2005,Japan,JPN,T,Total,TOTAL,Total,2005,127767994.0,,
2005,Korea,KOR,T,Total,TOTAL,Total,2005,48184561.0,,
2005,Netherlands,NLD,T,Total,TOTAL,Total,2005,16319871.0,,
2005,New Zealand,NZL,T,Total,TOTAL,Total,2005,4133900.0,,
2005,Norway,NOR,T,Total,TOTAL,Total,2005,4623293.0,,
2005,Poland,POL,T,Total,TOTAL,Total,2005,38161313.0,,
2005,Portugal,PRT,T,Total,TOTAL,Total,2005,10503330.0,,
2005,Slovak Republic,SVK,T,Total,TOTAL,Total,2005,5387285.0,,
2005,Sweden,SWE,T,Total,TOTAL,Total,2005,9029567.0,,
2005,Switzerland,CHE,T,Total,TOTAL,Total,2005,7437116.0,,
2005,Türkiye,TUR,T,Total,TOTAL,Total,2005,68435380.0,,
2005,United Kingdom,GBR,T,Total,TOTAL,Total,2005,60413276.0,,
2005,United States,USA,T,Total,TOTAL,Total,2005,295516599.0,,
2005,Croatia,HRV,T,Total,TOTAL,Total,2005,4310145.0,,
2005,India,IND,T,Total,TOTAL,Total,2005,1154638709.0,,
2005,Lithuania,LTU,T,Total,TOTAL,Total,2005,3322528.0,,
2005,Slovenia,SVN,T,Total,TOTAL,Total,2005,2001114.0,,
2006,Belgium,BEL,T,Total,TOTAL,Total,2006,10547956.0,,
2006,Canada,CAN,T,Total,TOTAL,Total,2006,32571174.0,,
2006,Czech Republic,CZE,T,Total,TOTAL,Total,2006,10266646.0,,
2006,Denmark,DNK,T,Total,TOTAL,Total,2006,5434567.0,,
2006,Finland,FIN,T,Total,TOTAL,Total,2006,5266266.0,,
2006,France,FRA,T,Total,TOTAL,Total,2006,63393406.0,,
2006,Hungary,HUN,T,Total,TOTAL,Total,2006,10071374.0,,
2006,Iceland,ISL,T,Total,TOTAL,Total,2006,303784.0,,
2006,Italy,ITA,T,Total,TOTAL,Total,2006,58399863.0,,
2006,Japan,JPN,T,Total,TOTAL,Total,2006,127900515.0,,
2006,Korea,KOR,T,Total,TOTAL,Total,2006,48438292.0,,
2006,Netherlands,NLD,T,Total,TOTAL,Total,2006,16346096.0,,
2006,New Zealand,NZL,T,Total,TOTAL,Total,2006,4184600.0,,
2006,Norway,NOR,T,Total,TOTAL,Total,2006,4660673.0,,
2006,Poland,POL,T,Total,TOTAL,Total,2006,38132277.0,,
2006,Portugal,PRT,T,Total,TOTAL,Total,2006,10522288.0,,
2006,Slovak Republic,SVK,T,Total,TOTAL,Total,2006,5391184.0,,
2006,Sweden,SWE,T,Total,TOTAL,Total,2006,9080506.0,,
2006,Switzerland,CHE,T,Total,TOTAL,Total,2006,7483935.0,,
2006,Türkiye,TUR,T,Total,TOTAL,Total,2006,69295253.0,,
2006,United Kingdom,GBR,T,Total,TOTAL,Total,2006,60827067.0,,
2006,United States,USA,T,Total,TOTAL,Total,2006,298379912.0,,
2006,Croatia,HRV,T,Total,TOTAL,Total,2006,4311159.0,,
2006,India,IND,T,Total,TOTAL,Total,2006,1172373786.0,,
2006,Lithuania,LTU,T,Total,TOTAL,Total,2006,3269909.0,,
2006,Slovenia,SVN,T,Total,TOTAL,Total,2006,2008516.0,,
2007,Belgium,BEL,T,Total,TOTAL,Total,2007,10624835.0,,
2007,Canada,CAN,T,Total,TOTAL,Total,2007,32889025.0,,
2007,Czech Republic,CZE,T,Total,TOTAL,Total,2007,10322689.0,,
2007,Denmark,DNK,T,Total,TOTAL,Total,2007,5457415.0,,
2007,Finland,FIN,T,Total,TOTAL,Total,2007,5288719.0,,
2007,France,FRA,T,Total,TOTAL,Total,2007,63781275.0,,
2007,Hungary,HUN,T,Total,TOTAL,Total,2007,10055778.0,,
2007,Iceland,ISL,T,Total,TOTAL,Total,2007,311567.0,,
2007,Italy,ITA,T,Total,TOTAL,Total,2007,58756247.0,,
2007,Japan,JPN,T,Total,TOTAL,Total,2007,128032743.0,,
2007,Korea,KOR,T,Total,TOTAL,Total,2007,48683638.0,,
2007,Netherlands,NLD,T,Total,TOTAL,Total,2007,16381696.0,,
2007,New Zealand,NZL,T,Total,TOTAL,Total,2007,4223800.0,,
2007,Norway,NOR,T,Total,TOTAL,Total,2007,4709156.0,,
2007,Poland,POL,T,Total,TOTAL,Total,2007,38115967.0,,
2007,Portugal,PRT,T,Total,TOTAL,Total,2007,10542963.5,,
2007,Slovak Republic,SVK,T,Total,TOTAL,Total,2007,5397766.0,,
2007,Sweden,SWE,T,Total,TOTAL,Total,2007,9148093.0,,
2007,Switzerland,CHE,T,Total,TOTAL,Total,2007,7551117.0,,
2007,Türkiye,TUR,T,Total,TOTAL,Total,2007,70158111.5,,
2007,United Kingdom,GBR,T,Total,TOTAL,Total,2007,61319075.0,,
2007,United States,USA,T,Total,TOTAL,Total,2007,301231207.0,,
2007,Croatia,HRV,T,Total,TOTAL,Total,2007,4310217.0,,
2007,India,IND,T,Total,TOTAL,Total,2007,1189691811.0,,
2007,Lithuania,LTU,T,Total,TOTAL,Total,2007,3231294.0,,
2007,Slovenia,SVN,T,Total,TOTAL,Total,2007,2019406.0,,
2008,Belgium,BEL,T,Total,TOTAL,Total,2008,10709108.0,,
2008,Canada,CAN,T,Total,TOTAL,Total,2008,33247118.0,,
2008,Czech Republic,CZE,T,Total,TOTAL,Total,2008,10429692.0,,
2008,Denmark,DNK,T,Total,TOTAL,Total,2008,5489022.0,,
2008,Finland,FIN,T,Total,TOTAL,Total,2008,5313398.0,,
2008,France,FRA,T,Total,TOTAL,Total,2008,64133174.0,,
2008,Hungary,HUN,T,Total,TOTAL,Total,2008,10038186.0,,
2008,Iceland,ISL,T,Total,TOTAL,Total,2008,317404.0,,
2008,Italy,ITA,T,Total,TOTAL,Total,2008,59211183.0,,
2008,Japan,JPN,T,Total,TOTAL,Total,2008,128083960.0,,
2008,Korea,KOR,T,Total,TOTAL,Total,2008,49054708.0,,
2008,Netherlands,NLD,T,Total,TOTAL,Total,2008,16445590.0,,
2008,New Zealand,NZL,T,Total,TOTAL,Total,2008,4259800.0,,
2008,Norway,NOR,T,Total,TOTAL,Total,2008,4768215.0,,
2008,Poland,POL,T,Total,TOTAL,Total,2008,38115909.0,,
2008,Portugal,PRT,T,Total,TOTAL,Total,2008,10558176.5,,
2008,Slovak Republic,SVK,T,Total,TOTAL,Total,2008,5406972.0,,
2008,Sweden,SWE,T,Total,TOTAL,Total,2008,9219639.0,,
2008,Switzerland,CHE,T,Total,TOTAL,Total,2008,7647676.0,,
2008,Türkiye,TUR,T,Total,TOTAL,Total,2008,71051689.0,,
2008,United Kingdom,GBR,T,Total,TOTAL,Total,2008,61823772.0,,
2008,United States,USA,T,Total,TOTAL,Total,2008,304093966.0,,
2008,Croatia,HRV,T,Total,TOTAL,Total,2008,4309705.0,,
2008,India,IND,T,Total,TOTAL,Total,2008,1206734805.0,,
2008,Lithuania,LTU,T,Total,TOTAL,Total,2008,3198231.0,,
2008,Slovenia,SVN,T,Total,TOTAL,Total,2008,2022629.0,,
2009,Belgium,BEL,T,Total,TOTAL,Total,2009,10796498.0,,
2009,Canada,CAN,T,Total,TOTAL,Total,2009,33628895.0,,
2009,Czech Republic,CZE,T,Total,TOTAL,Total,2009,10491492.0,,
2009,Denmark,DNK,T,Total,TOTAL,Total,2009,5519441.0,,
2009,Finland,FIN,T,Total,TOTAL,Total,2009,5338867.0,,
2009,France,FRA,T,Total,TOTAL,Total,2009,64458715.0,,
2009,Hungary,HUN,T,Total,TOTAL,Total,2009,10022647.0,,
2009,Iceland,ISL,T,Total,TOTAL,Total,2009,318501.0,,
2009,Italy,ITA,T,Total,TOTAL,Total,2009,59555456.0,,
2009,Japan,JPN,T,Total,TOTAL,Total,2009,128031514.0,,
2009,Korea,KOR,T,Total,TOTAL,Total,2009,49307835.0,,
2009,Netherlands,NLD,T,Total,TOTAL,Total,2009,16530387.0,,
2009,New Zealand,NZL,T,Total,TOTAL,Total,2009,4302600.0,,
2009,Norway,NOR,T,Total,TOTAL,Total,2009,4828716.0,,
2009,Poland,POL,T,Total,TOTAL,Total,2009,38153389.0,,
2009,Portugal,PRT,T,Total,TOTAL,Total,2009,10568246.5,,
2009,Slovak Republic,SVK,T,Total,TOTAL,Total,2009,5418374.0,,
2009,Sweden,SWE,T,Total,TOTAL,Total,2009,9298512.0,,
2009,Switzerland,CHE,T,Total,TOTAL,Total,2009,7743832.0,,
2009,Türkiye,TUR,T,Total,TOTAL,Total,2009,72039215.0,,
2009,United Kingdom,GBR,T,Total,TOTAL,Total,2009,62260486.0,,
2009,United States,USA,T,Total,TOTAL,Total,2009,306771529.0,,
2009,Croatia,HRV,T,Total,TOTAL,Total,2009,4305181.0,,
2009,India,IND,T,Total,TOTAL,Total,2009,1223640159.0,,
2009,Lithuania,LTU,T,Total,TOTAL,Total,2009,3162916.0,,
2009,Slovenia,SVN,T,Total,TOTAL,Total,2009,2042335.0,,
2010,Belgium,BEL,T,Total,TOTAL,Total,2010,10895591.0,,
2010,Canada,CAN,T,Total,TOTAL,Total,2010,34004889.0,,
2010,Czech Republic,CZE,T,Total,TOTAL,Total,2010,10517247.0,,
2010,Denmark,DNK,T,Total,TOTAL,Total,2010,5543819.0,,
2010,Finland,FIN,T,Total,TOTAL,Total,2010,5363341.0,,
2010,France,FRA,T,Total,TOTAL,Total,2010,64773169.0,,
2010,Hungary,HUN,T,Total,TOTAL,Total,2010,10000020.0,,
2010,Iceland,ISL,T,Total,TOTAL,Total,2010,318044.0,,
2010,Italy,ITA,T,Total,TOTAL,Total,2010,59819402.0,,
2010,Japan,JPN,T,Total,TOTAL,Total,2010,128057352.0,,
2010,Korea,KOR,T,Total,TOTAL,Total,2010,49554112.0,,
2010,Netherlands,NLD,T,Total,TOTAL,Total,2010,16615390.0,,
2010,New Zealand,NZL,T,Total,TOTAL,Total,2010,4350700.0,,
2010,Norway,NOR,T,Total,TOTAL,Total,2010,4889253.0,,
2010,Poland,POL,T,Total,TOTAL,Total,2010,38516689.0,,
2010,Portugal,PRT,T,Total,TOTAL,Total,2010,10573100.0,,
2010,Slovak Republic,SVK,T,Total,TOTAL,Total,2010,5431024.0,,
2010,Sweden,SWE,T,Total,TOTAL,Total,2010,9378131.0,,
2010,Switzerland,CHE,T,Total,TOTAL,Total,2010,7824910.0,,
2010,Türkiye,TUR,T,Total,TOTAL,Total,2010,73142162.0,,
2010,United Kingdom,GBR,T,Total,TOTAL,Total,2010,62759456.0,,
2010,United States,USA,T,Total,TOTAL,Total,2010,309327143.0,,
2010,Croatia,HRV,T,Total,TOTAL,Total,2010,4295427.0,,
2010,India,IND,T,Total,TOTAL,Total,2010,1240613620.0,,
2010,Lithuania,LTU,T,Total,TOTAL,Total,2010,3097282.0,,
2010,Slovenia,SVN,T,Total,TOTAL,Total,2010,2049261.0,,
2011,Belgium,BEL,T,Total,TOTAL,Total,2011,10993609.0,,
2011,Canada,CAN,T,Total,TOTAL,Total,2011,34339328.0,,
2011,Czech Republic,CZE,T,Total,TOTAL,Total,2011,10496672.0,,
2011,Denmark,DNK,T,Total,TOTAL,Total,2011,5566856.0,,
2011,Finland,FIN,T,Total,TOTAL,Total,2011,5388272.0,,
2011,France,FRA,T,Total,TOTAL,Total,2011,65087317.0,,
2011,Hungary,HUN,T,Total,TOTAL,Total,2011,9958824.0,,
2011,Iceland,ISL,T,Total,TOTAL,Total,2011,319011.0,,
2011,Italy,ITA,T,Total,TOTAL,Total,2011,60026844.0,,
2011,Japan,JPN,T,Total,TOTAL,Total,2011,127834233.0,,
2011,Korea,KOR,T,Total,TOTAL,Total,2011,49936638.0,,
2011,Netherlands,NLD,T,Total,TOTAL,Total,2011,16693074.0,,
2011,New Zealand,NZL,T,Total,TOTAL,Total,2011,4384000.0,,
2011,Norway,NOR,T,Total,TOTAL,Total,2011,4953089.0,,
2011,Poland,POL,T,Total,TOTAL,Total,2011,38525670.0,,
2011,Portugal,PRT,T,Total,TOTAL,Total,2011,10574535.5,,
2011,Slovak Republic,SVK,T,Total,TOTAL,Total,2011,5398384.0,,
2011,Sweden,SWE,T,Total,TOTAL,Total,2011,9449216.0,,
2011,Switzerland,CHE,T,Total,TOTAL,Total,2011,7912396.0,,
2011,Türkiye,TUR,T,Total,TOTAL,Total,2011,74223642.0,,
2011,United Kingdom,GBR,T,Total,TOTAL,Total,2011,63285145.0,,
2011,United States,USA,T,Total,TOTAL,Total,2011,311583481.0,,
2011,Croatia,HRV,T,Total,TOTAL,Total,2011,4280622.0,,
2011,India,IND,T,Total,TOTAL,Total,2011,1257621190.0,,
2011,Lithuania,LTU,T,Total,TOTAL,Total,2011,3028115.0,,
2011,Slovenia,SVN,T,Total,TOTAL,Total,2011,2052496.0,,
2012,Belgium,BEL,T,Total,TOTAL,Total,2012,11067748.0,,
2012,Canada,CAN,T,Total,TOTAL,Total,2012,34714222.0,,
2012,Czech Republic,CZE,T,Total,TOTAL,Total,2012,10509286.0,,
2012,Denmark,DNK,T,Total,TOTAL,Total,2012,5587085.0,,
2012,Finland,FIN,T,Total,TOTAL,Total,2012,5413967.0,,
2012,France,FRA,T,Total,TOTAL,Total,2012,65402998.0,,
2012,Hungary,HUN,T,Total,TOTAL,Total,2012,9920364.0,,
2012,Iceland,ISL,T,Total,TOTAL,Total,2012,320723.0,,
2012,Italy,ITA,T,Total,TOTAL,Total,2012,60191243.0,,
2012,Japan,JPN,T,Total,TOTAL,Total,2012,127592657.0,,
2012,Korea,KOR,T,Total,TOTAL,Total,2012,50199853.0,,
2012,Netherlands,NLD,T,Total,TOTAL,Total,2012,16754963.0,,
2012,New Zealand,NZL,T,Total,TOTAL,Total,2012,4408100.0,,
2012,Norway,NOR,T,Total,TOTAL,Total,2012,5018574.0,,
2012,Poland,POL,T,Total,TOTAL,Total,2012,38533789.0,,
2012,Portugal,PRT,T,Total,TOTAL,Total,2012,10531419.5,,
2012,Slovak Republic,SVK,T,Total,TOTAL,Total,2012,5407579.0,,
2012,Sweden,SWE,T,Total,TOTAL,Total,2012,9519379.0,,
2012,Switzerland,CHE,T,Total,TOTAL,Total,2012,7996861.0,,
2012,Türkiye,TUR,T,Total,TOTAL,Total,2012,75175836.0,,
2012,United Kingdom,GBR,T,Total,TOTAL,Total,2012,63705030.0,,
2012,United States,USA,T,Total,TOTAL,Total,2012,313877662.0,,
2012,Croatia,HRV,T,Total,TOTAL,Total,2012,4267558.0,,
2012,India,IND,T,Total,TOTAL,Total,2012,1274487217.0,,
2012,Lithuania,LTU,T,Total,TOTAL,Total,2012,2987773.0,,
2012,Slovenia,SVN,T,Total,TOTAL,Total,2012,2056262.0,,
2013,Belgium,BEL,T,Total,TOTAL,Total,2013,11125033.0,,
2013,Canada,CAN,T,Total,TOTAL,Total,2013,35082954.0,,
2013,Czech Republic,CZE,T,Total,TOTAL,Total,2013,10510719.0,,
2013,Denmark,DNK,T,Total,TOTAL,Total,2013,5608784.0,,
2013,Finland,FIN,T,Total,TOTAL,Total,2013,5438975.0,,
2013,France,FRA,T,Total,TOTAL,Total,2013,65735961.0,,
2013,Hungary,HUN,T,Total,TOTAL,Total,2013,9893083.0,,
2013,Iceland,ISL,T,Total,TOTAL,Total,2013,323763.0,,
2013,Italy,ITA,T,Total,TOTAL,Total,2013,60311616.0,,
2013,Japan,JPN,T,Total,TOTAL,Total,2013,127413888.0,,
2013,Korea,KOR,T,Total,TOTAL,Total,2013,50428893.0,,
2013,Netherlands,NLD,T,Total,TOTAL,Total,2013,16804430.0,,
2013,New Zealand,NZL,T,Total,TOTAL,Total,2013,4442100.0,,
2013,Norway,NOR,T,Total,TOTAL,Total,2013,5080171.0,,
2013,Poland,POL,T,Total,TOTAL,Total,2013,38502396.0,,
2013,Portugal,PRT,T,Total,TOTAL,Total,2013,10473990.5,,
2013,Slovak Republic,SVK,T,Total,TOTAL,Total,2013,5413392.5,,
2013,Sweden,SWE,T,Total,TOTAL,Total,2013,9600374.0,,
2013,Switzerland,CHE,T,Total,TOTAL,Total,2013,8089346.0,,
2013,Türkiye,TUR,T,Total,TOTAL,Total,2013,76147634.0,,
2013,United Kingdom,GBR,T,Total,TOTAL,Total,2013,64105654.0,,
2013,United States,USA,T,Total,TOTAL,Total,2013,316059947.0,,
2013,Croatia,HRV,T,Total,TOTAL,Total,2013,4255689.0,,
2013,India,IND,T,Total,TOTAL,Total,2013,1291132067.0,,
2013,Lithuania,LTU,T,Total,TOTAL,Total,2013,2957689.0,,
2013,Slovenia,SVN,T,Total,TOTAL,Total,2013,2059114.0,,
2014,Belgium,BEL,T,Total,TOTAL,Total,2014,11179778.0,,
2014,Canada,CAN,T,Total,TOTAL,Total,2014,35437435.0,,
2014,Czech Republic,CZE,T,Total,TOTAL,Total,2014,10524783.0,,
2014,Denmark,DNK,T,Total,TOTAL,Total,2014,5639719.0,,
2014,Finland,FIN,T,Total,TOTAL,Total,2014,5461507.0,,
2014,France,FRA,T,Total,TOTAL,Total,2014,66276671.0,,
2014,Hungary,HUN,T,Total,TOTAL,Total,2014,9866466.0,,
2014,Iceland,ISL,T,Total,TOTAL,Total,2014,327379.0,,
2014,Italy,ITA,T,Total,TOTAL,Total,2014,60320708.0,,
2014,Japan,JPN,T,Total,TOTAL,Total,2014,127237150.0,,
2014,Korea,KOR,T,Total,TOTAL,Total,2014,50746659.0,,
2014,Netherlands,NLD,T,Total,TOTAL,Total,2014,16865008.0,,
2014,New Zealand,NZL,T,Total,TOTAL,Total,2014,4516500.0,,
2014,Norway,NOR,T,Total,TOTAL,Total,2014,5137427.0,,
2014,Poland,POL,T,Total,TOTAL,Total,2014,38483957.0,,
2014,Portugal,PRT,T,Total,TOTAL,Total,2014,10419606.5,,
2014,Slovak Republic,SVK,T,Total,TOTAL,Total,2014,5418649.0,,
2014,Sweden,SWE,T,Total,TOTAL,Total,2014,9696105.0,,
2014,Switzerland,CHE,T,Total,TOTAL,Total,2014,8188646.0,,
2014,Türkiye,TUR,T,Total,TOTAL,Total,2014,77181894.0,,
2014,United Kingdom,GBR,T,Total,TOTAL,Total,2014,64596752.0,,
2014,United States,USA,T,Total,TOTAL,Total,2014,318386329.0,,
2014,Croatia,HRV,T,Total,TOTAL,Total,2014,4238389.0,,
2014,India,IND,T,Total,TOTAL,Total,2014,1307246512.0,,
2014,Lithuania,LTU,T,Total,TOTAL,Total,2014,2932367.0,,
2014,Slovenia,SVN,T,Total,TOTAL,Total,2014,2061623.0,,
2015,Belgium,BEL,T,Total,TOTAL,Total,2015,11238474.0,,
2015,Canada,CAN,T,Total,TOTAL,Total,2015,35702908.0,,
2015,Czech Republic,CZE,T,Total,TOTAL,Total,2015,10542942.0,,
2015,Denmark,DNK,T,Total,TOTAL,Total,2015,5678348.0,,
2015,Finland,FIN,T,Total,TOTAL,Total,2015,5479528.0,,
2015,France,FRA,T,Total,TOTAL,Total,2015,66512558.0,,
2015,Hungary,HUN,T,Total,TOTAL,Total,2015,9843025.0,,
2015,Iceland,ISL,T,Total,TOTAL,Total,2015,330818.0,,
2015,Italy,ITA,T,Total,TOTAL,Total,2015,60229599.0,,
2015,Japan,JPN,T,Total,TOTAL,Total,2015,127094745.0,,
2015,Korea,KOR,T,Total,TOTAL,Total,2015,51014947.0,,
2015,Netherlands,NLD,T,Total,TOTAL,Total,2015,16939925.0,,
2015,New Zealand,NZL,T,Total,TOTAL,Total,2015,4609400.0,,
2015,Norway,NOR,T,Total,TOTAL,Total,2015,5189898.0,,
2015,Poland,POL,T,Total,TOTAL,Total,2015,38454576.0,,
2015,Portugal,PRT,T,Total,TOTAL,Total,2015,10381837.5,,
2015,Slovak Republic,SVK,T,Total,TOTAL,Total,2015,5423800.5,,
2015,Sweden,SWE,T,Total,TOTAL,Total,2015,9799183.0,,
2015,Switzerland,CHE,T,Total,TOTAL,Total,2015,8282398.0,,
2015,Türkiye,TUR,T,Total,TOTAL,Total,2015,78218488.0,,
2015,United Kingdom,GBR,T,Total,TOTAL,Total,2015,65110034.0,,
2015,United States,USA,T,Total,TOTAL,Total,2015,320738994.0,,
2015,Croatia,HRV,T,Total,TOTAL,Total,2015,4203604.0,,
2015,India,IND,T,Total,TOTAL,Total,2015,1322866502.0,,
2015,Lithuania,LTU,T,Total,TOTAL,Total,2015,2904910.0,,
2015,Slovenia,SVN,T,Total,TOTAL,Total,2015,2063077.0,,
2016,Belgium,BEL,T,Total,TOTAL,Total,2016,11295003.0,,
2016,Canada,CAN,T,Total,TOTAL,Total,2016,36109487.0,,
2016,Czech Republic,CZE,T,Total,TOTAL,Total,2016,10565284.0,,
2016,Denmark,DNK,T,Total,TOTAL,Total,2016,5724456.0,,
2016,Finland,FIN,T,Total,TOTAL,Total,2016,5495297.0,,
2016,France,FRA,T,Total,TOTAL,Total,2016,66688563.0,,
2016,Hungary,HUN,T,Total,TOTAL,Total,2016,9814026.0,,
2016,Iceland,ISL,T,Total,TOTAL,Total,2016,335435.0,,
2016,Italy,ITA,T,Total,TOTAL,Total,2016,60115220.0,,
2016,Japan,JPN,T,Total,TOTAL,Total,2016,127041812.0,,
2016,Korea,KOR,T,Total,TOTAL,Total,2016,51217803.0,,
2016,Netherlands,NLD,T,Total,TOTAL,Total,2016,17030314.0,,
2016,New Zealand,NZL,T,Total,TOTAL,Total,2016,4714100.0,,
2016,Norway,NOR,T,Total,TOTAL,Total,2016,5236152.0,,
2016,Poland,POL,T,Total,TOTAL,Total,2016,38426809.0,,
2016,Portugal,PRT,T,Total,TOTAL,Total,2016,10356516.0,,
2016,Slovak Republic,SVK,T,Total,TOTAL,Total,2016,5430797.5,,
2016,Sweden,SWE,T,Total,TOTAL,Total,2016,9923086.0,,
2016,Switzerland,CHE,T,Total,TOTAL,Total,2016,8373334.0,,
2016,Türkiye,TUR,T,Total,TOTAL,Total,2016,79277971.0,,
2016,United Kingdom,GBR,T,Total,TOTAL,Total,2016,65648054.0,,
2016,United States,USA,T,Total,TOTAL,Total,2016,323071755.0,,
2016,Croatia,HRV,T,Total,TOTAL,Total,2016,4174349.0,,
2016,India,IND,T,Total,TOTAL,Total,2016,1338636340.0,,
2016,Lithuania,LTU,T,Total,TOTAL,Total,2016,2868231.0,,
2016,Slovenia,SVN,T,Total,TOTAL,Total,2016,2064241.0,,
2017,Belgium,BEL,T,Total,TOTAL,Total,2017,11349081.0,,
2017,Canada,CAN,T,Total,TOTAL,Total,2017,36545236.0,,
2017,Czech Republic,CZE,T,Total,TOTAL,Total,2017,10589526.0,,
2017,Denmark,DNK,T,Total,TOTAL,Total,2017,5760694.0,,
2017,Finland,FIN,T,Total,TOTAL,Total,2017,5508209.0,,
2017,France,FRA,T,Total,TOTAL,Total,2017,66883314.0,,
2017,Hungary,HUN,T,Total,TOTAL,Total,2017,9787969.0,,
2017,Iceland,ISL,T,Total,TOTAL,Total,2017,343399.0,,
2017,Italy,ITA,T,Total,TOTAL,Total,2017,60002254.0,,
2017,Japan,JPN,T,Total,TOTAL,Total,2017,126918546.0,,
2017,Korea,KOR,T,Total,TOTAL,Total,2017,51361911.0,,
2017,Netherlands,NLD,T,Total,TOTAL,Total,2017,17131295.0,,
2017,New Zealand,NZL,T,Total,TOTAL,Total,2017,4813600.0,,
2017,Norway,NOR,T,Total,TOTAL,Total,2017,5276965.0,,
2017,Poland,POL,T,Total,TOTAL,Total,2017,38422346.0,,
2017,Portugal,PRT,T,Total,TOTAL,Total,2017,10340124.0,,
2017,Slovak Republic,SVK,T,Total,TOTAL,Total,2017,5439231.5,,
2017,Sweden,SWE,T,Total,TOTAL,Total,2017,10057695.0,,
2017,Switzerland,CHE,T,Total,TOTAL,Total,2017,8451834.0,,
2017,Türkiye,TUR,T,Total,TOTAL,Total,2017,80312708.0,,
2017,United Kingdom,GBR,T,Total,TOTAL,Total,2017,66040229.0,,
2017,United States,USA,T,Total,TOTAL,Total,2017,325122128.0,,
2017,Croatia,HRV,T,Total,TOTAL,Total,2017,4124531.0,,
2017,India,IND,T,Total,TOTAL,Total,2017,1354195678.0,,
2017,Lithuania,LTU,T,Total,TOTAL,Total,2017,2828403.0,,
2017,Slovenia,SVN,T,Total,TOTAL,Total,2017,2066161.0,,
2018,Belgium,BEL,T,Total,TOTAL,Total,2018,11403740.0,,
2018,Canada,CAN,T,Total,TOTAL,Total,2018,37065084.0,,
2018,Czech Republic,CZE,T,Total,TOTAL,Total,2018,10626430.0,,
2018,Denmark,DNK,T,Total,TOTAL,Total,2018,5789957.0,,
2018,Finland,FIN,T,Total,TOTAL,Total,2018,5515525.0,,
2018,France,FRA,T,Total,TOTAL,Total,2018,67125071.0,,
2018,Hungary,HUN,T,Total,TOTAL,Total,2018,9775566.0,,
2018,Iceland,ISL,T,Total,TOTAL,Total,2018,352722.0,,
2018,Italy,ITA,T,Total,TOTAL,Total,2018,59877216.0,,
2018,Japan,JPN,T,Total,TOTAL,Total,2018,126748506.0,,
2018,Korea,KOR,T,Total,TOTAL,Total,2018,51585058.0,,
2018,Netherlands,NLD,T,Total,TOTAL,Total,2018,17231622.0,,
2018,New Zealand,NZL,T,Total,TOTAL,Total,2018,4900600.0,,
2018,Norway,NOR,T,Total,TOTAL,Total,2018,5311916.0,,
2018,Poland,POL,T,Total,TOTAL,Total,2018,38413139.0,,
2018,Portugal,PRT,T,Total,TOTAL,Total,2018,10334633.0,,
2018,Slovak Republic,SVK,T,Total,TOTAL,Total,2018,5446770.5,,
2018,Sweden,SWE,T,Total,TOTAL,Total,2018,10175215.0,,
2018,Switzerland,CHE,T,Total,TOTAL,Total,2018,8514327.0,,
2018,Türkiye,TUR,T,Total,TOTAL,Total,2018,81407211.0,,
2018,United Kingdom,GBR,T,Total,TOTAL,Total,2018,66435550.0,,
2018,United States,USA,T,Total,TOTAL,Total,2018,326838199.0,,
2018,Croatia,HRV,T,Total,TOTAL,Total,2018,4087843.0,,
2018,India,IND,T,Total,TOTAL,Total,2018,1369003306.0,,
2018,Lithuania,LTU,T,Total,TOTAL,Total,2018,2801543.0,,
2018,Slovenia,SVN,T,Total,TOTAL,Total,2018,2070050.0,,
2019,Belgium,BEL,T,Total,TOTAL,Total,2019,11462023.0,,
2019,Canada,CAN,T,Total,TOTAL,Total,2019,37601230.0,,
2019,Czech Republic,CZE,T,Total,TOTAL,Total,2019,10669324.0,,
2019,Denmark,DNK,T,Total,TOTAL,Total,2019,5814461.0,,
2019,Finland,FIN,T,Total,TOTAL,Total,2019,5521605.0,,
2019,France,FRA,T,Total,TOTAL,Total,2019,67349922.0,,
2019,Hungary,HUN,T,Total,TOTAL,Total,2019,9771142.0,,
2019,Iceland,ISL,T,Total,TOTAL,Total,2019,360558.0,,
2019,Italy,ITA,T,Total,TOTAL,Total,2019,59729077.0,,
2019,Japan,JPN,T,Total,TOTAL,Total,2019,126555078.0,,
2019,Korea,KOR,T,Total,TOTAL,Total,2019,51764822.0,,
2019,Netherlands,NLD,T,Total,TOTAL,Total,2019,17344876.0,,
2019,New Zealand,NZL,T,Total,TOTAL,Total,2019,4979200.0,,
2019,Norway,NOR,T,Total,TOTAL,Total,2019,5347893.0,,
2019,Poland,POL,T,Total,TOTAL,Total,2019,38386476.0,,
2019,Portugal,PRT,T,Total,TOTAL,Total,2019,10354445.5,,
2019,Slovak Republic,SVK,T,Total,TOTAL,Total,2019,5454147.0,,
2019,Sweden,SWE,T,Total,TOTAL,Total,2019,10278888.0,,
2019,Switzerland,CHE,T,Total,TOTAL,Total,2019,8575280.0,,
2019,Türkiye,TUR,T,Total,TOTAL,Total,2019,82579448.0,,
2019,United Kingdom,GBR,T,Total,TOTAL,Total,2019,66796807.0,,
2019,United States,USA,T,Total,TOTAL,Total,2019,328329953.0,,
2019,Croatia,HRV,T,Total,TOTAL,Total,2019,4065253.0,,
2019,India,IND,T,Total,TOTAL,Total,2019,1383112051.0,,
2019,Lithuania,LTU,T,Total,TOTAL,Total,2019,2794137.0,,
2019,Slovenia,SVN,T,Total,TOTAL,Total,2019,2089310.0,,
2020,Belgium,BEL,T,Total,TOTAL,Total,2020,11506938.0,,
2020,Canada,CAN,T,Total,TOTAL,Total,2020,38007166.0,,
2020,Czech Republic,CZE,T,Total,TOTAL,Total,2020,10700155.0,,
2020,Denmark,DNK,T,Total,TOTAL,Total,2020,5825337.0,,
2020,Finland,FIN,T,Total,TOTAL,Total,2020,5529545.0,,
2020,France,FRA,T,Total,TOTAL,Total,2020,67538482.0,,
2020,Hungary,HUN,T,Total,TOTAL,Total,2020,9750153.0,,
2020,Iceland,ISL,T,Total,TOTAL,Total,2020,366462.0,,
2020,Italy,ITA,T,Total,TOTAL,Total,2020,59438845.0,,
2020,Japan,JPN,T,Total,TOTAL,Total,2020,126146099.0,,
2020,Korea,KOR,T,Total,TOTAL,Total,2020,51836239.0,,
2020,Netherlands,NLD,T,Total,TOTAL,Total,2020,17441500.0,,
2020,New Zealand,NZL,T,Total,TOTAL,Total,2020,5090200.0,,
2020,Norway,NOR,T,Total,TOTAL,Total,2020,5379472.0,,
2020,Poland,POL,T,Total,TOTAL,Total,2020,38354173.0,,
2020,Portugal,PRT,T,Total,TOTAL,Total,2020,10384846.0,,
2020,Slovak Republic,SVK,T,Total,TOTAL,Total,2020,5458827.0,,
2020,Sweden,SWE,T,Total,TOTAL,Total,2020,10353444.0,,
2020,Switzerland,CHE,T,Total,TOTAL,Total,2020,8638169.0,,
2020,Türkiye,TUR,T,Total,TOTAL,Total,2020,83384688.0,,
2020,United Kingdom,GBR,T,Total,TOTAL,Total,2020,67081234.0,,
2020,United States,USA,T,Total,TOTAL,Total,2020,331511512.0,,
2020,Croatia,HRV,T,Total,TOTAL,Total,2020,4047680.0,,
2020,India,IND,T,Total,TOTAL,Total,2020,1396387126.0,,
2020,Lithuania,LTU,T,Total,TOTAL,Total,2020,2794885.0,,
2020,Slovenia,SVN,T,Total,TOTAL,Total,2020,2100126.0,,
2021,Belgium,BEL,T,Total,TOTAL,Total,2021,11552615.0,,
2021,Canada,CAN,T,Total,TOTAL,Total,2021,38226498.0,,
2021,Czech Republic,CZE,T,Total,TOTAL,Total,2021,10500850.0,,
2021,Denmark,DNK,T,Total,TOTAL,Total,2021,5850189.0,,
2021,Finland,FIN,T,Total,TOTAL,Total,2021,5541020.0,,
2021,France,FRA,T,Total,TOTAL,Total,2021,67738863.0,,
2021,Hungary,HUN,T,Total,TOTAL,Total,2021,9709893.0,,
2021,Iceland,ISL,T,Total,TOTAL,Total,2021,372523.0,,
2021,Italy,ITA,T,Total,TOTAL,Total,2021,59133173.0,,
2021,Japan,JPN,T,Total,TOTAL,Total,2021,125502290.0,,
2021,Korea,KOR,T,Total,TOTAL,Total,2021,51744876.0,,
2021,Netherlands,NLD,T,Total,TOTAL,Total,2021,17533048.0,,
2021,New Zealand,NZL,T,Total,TOTAL,Total,2021,5111400.0,,
2021,Norway,NOR,T,Total,TOTAL,Total,2021,5408320.0,,
2021,Poland,POL,T,Total,TOTAL,Total,2021,38162224.0,,
2021,Portugal,PRT,T,Total,TOTAL,Total,2021,10407707.0,,
2021,Slovak Republic,SVK,T,Total,TOTAL,Total,2021,5441991.0,,
2021,Sweden,SWE,T,Total,TOTAL,Total,2021,10415812.0,,
2021,Switzerland,CHE,T,Total,TOTAL,Total,2021,8704542.0,,
2021,Türkiye,TUR,T,Total,TOTAL,Total,2021,84147326.0,,
2021,United Kingdom,GBR,T,Total,TOTAL,Total,2021,67026292.0,,
2021,United States,USA,T,Total,TOTAL,Total,2021,332031554.0,,
2021,Croatia,HRV,T,Total,TOTAL,Total,2021,3878981.0,,
2021,India,IND,T,Total,TOTAL,Total,2021,1407563842.0,,
2021,Lithuania,LTU,T,Total,TOTAL,Total,2021,2808380.0,,
2021,Slovenia,SVN,T,Total,TOTAL,Total,2021,2107007.0,,
