"LOCATION","Country","SEX","Sex","AGE","Age","TIME","Time","Value","Flag Codes","Flags"
"AUS","Australia","T","Total","TOTAL","Total","1995","1995",18004882,,
"AUS","Australia","T","Total","TOTAL","Total","1996","1996",18224767,,
"AUS","Australia","T","Total","TOTAL","Total","1997","1997",18423037,,
"AUS","Australia","T","Total","TOTAL","Total","1998","1998",18607584,,
"AUS","Australia","T","Total","TOTAL","Total","1999","1999",18812264,,
"AUS","Australia","T","Total","TOTAL","Total","2000","2000",19028802,,
"AUS","Australia","T","Total","TOTAL","Total","2001","2001",19274701,,
"AUS","Australia","T","Total","TOTAL","Total","2002","2002",19495210,,
"AUS","Australia","T","Total","TOTAL","Total","2003","2003",19720737,,
"AUS","Australia","T","Total","TOTAL","Total","2004","2004",19932722,,
"AUS","Australia","T","Total","TOTAL","Total","2005","2005",20176844,,
"AUS","Australia","T","Total","TOTAL","Total","2006","2006",20450966,,
"AUS","Australia","T","Total","TOTAL","Total","2007","2007",20827622,,
"AUS","Australia","T","Total","TOTAL","Total","2008","2008",21249199,,
"AUS","Australia","T","Total","TOTAL","Total","2009","2009",21691653,,
"AUS","Australia","T","Total","TOTAL","Total","2010","2010",22031750,,
"AUS","Australia","T","Total","TOTAL","Total","2011","2011",22340024,,
"AUS","Australia","T","Total","TOTAL","Total","2012","2012",22733465,,
"AUS","Australia","T","Total","TOTAL","Total","2013","2013",23128129,,
"AUS","Australia","T","Total","TOTAL","Total","2014","2014",23475686,,
"AUS","Australia","T","Total","TOTAL","Total","2015","2015",23815995,,
"AUS","Australia","T","Total","TOTAL","Total","2016","2016",24190907,,
"AUS","Australia","T","Total","TOTAL","Total","2017","2017",24594202,,
"AUS","Australia","T","Total","TOTAL","Total","2018","2018",24966643,,
"AUS","Australia","T","Total","TOTAL","Total","2019","2019",25340217,,
"AUS","Australia","T","Total","TOTAL","Total","2020","2020",25655289,,
"AUS","Australia","T","Total","TOTAL","Total","2021","2021",25688079,,
"AUT","Austria","T","Total","TOTAL","Total","1995","1995",7948278,,
"AUT","Austria","T","Total","TOTAL","Total","1996","1996",7959016,,
"AUT","Austria","T","Total","TOTAL","Total","1997","1997",7968041,,
"AUT","Austria","T","Total","TOTAL","Total","1998","1998",7976789,,
"AUT","Austria","T","Total","TOTAL","Total","1999","1999",7992323,,
"AUT","Austria","T","Total","TOTAL","Total","2000","2000",8011566,,
"AUT","Austria","T","Total","TOTAL","Total","2001","2001",8042293,,
"AUT","Austria","T","Total","TOTAL","Total","2002","2002",8082121,,
"AUT","Austria","T","Total","TOTAL","Total","2003","2003",8118245,,
"AUT","Austria","T","Total","TOTAL","Total","2004","2004",8169441,,
"AUT","Austria","T","Total","TOTAL","Total","2005","2005",8225278,,
"AUT","Austria","T","Total","TOTAL","Total","2006","2006",8267948,,
"AUT","Austria","T","Total","TOTAL","Total","2007","2007",8295189,,
"AUT","Austria","T","Total","TOTAL","Total","2008","2008",8321541,,
"AUT","Austria","T","Total","TOTAL","Total","2009","2009",8341483,,
"AUT","Austria","T","Total","TOTAL","Total","2010","2010",8361069,,
"AUT","Austria","T","Total","TOTAL","Total","2011","2011",8388534,,
"AUT","Austria","T","Total","TOTAL","Total","2012","2012",8426311,,
"AUT","Austria","T","Total","TOTAL","Total","2013","2013",8477230,,
"AUT","Austria","T","Total","TOTAL","Total","2014","2014",8543932,,
"AUT","Austria","T","Total","TOTAL","Total","2015","2015",8629519,,
"AUT","Austria","T","Total","TOTAL","Total","2016","2016",8739806,,
"AUT","Austria","T","Total","TOTAL","Total","2017","2017",8795073,,
"AUT","Austria","T","Total","TOTAL","Total","2018","2018",8837707,,
"AUT","Austria","T","Total","TOTAL","Total","2019","2019",8877637,,
"AUT","Austria","T","Total","TOTAL","Total","2020","2020",8916845,,
"AUT","Austria","T","Total","TOTAL","Total","2021","2021",8951520,,
"BEL","Belgium","T","Total","TOTAL","Total","1995","1995",10136814,,
"BEL","Belgium","T","Total","TOTAL","Total","1996","1996",10156641,,
"BEL","Belgium","T","Total","TOTAL","Total","1997","1997",10181246,,
"BEL","Belgium","T","Total","TOTAL","Total","1998","1998",10203012,,
"BEL","Belgium","T","Total","TOTAL","Total","1999","1999",10226419,,
"BEL","Belgium","T","Total","TOTAL","Total","2000","2000",10251251,,
"BEL","Belgium","T","Total","TOTAL","Total","2001","2001",10286571,,
"BEL","Belgium","T","Total","TOTAL","Total","2002","2002",10332786,,
"BEL","Belgium","T","Total","TOTAL","Total","2003","2003",10376131,,
"BEL","Belgium","T","Total","TOTAL","Total","2004","2004",10421136,,
"BEL","Belgium","T","Total","TOTAL","Total","2005","2005",10478620,,
"BEL","Belgium","T","Total","TOTAL","Total","2006","2006",10547956,,
"BEL","Belgium","T","Total","TOTAL","Total","2007","2007",10624835,,
"BEL","Belgium","T","Total","TOTAL","Total","2008","2008",10709108,,
"BEL","Belgium","T","Total","TOTAL","Total","2009","2009",10796498,,
"BEL","Belgium","T","Total","TOTAL","Total","2010","2010",10895591,,
"BEL","Belgium","T","Total","TOTAL","Total","2011","2011",10993609,,
"BEL","Belgium","T","Total","TOTAL","Total","2012","2012",11067748,,
"BEL","Belgium","T","Total","TOTAL","Total","2013","2013",11125033,,
"BEL","Belgium","T","Total","TOTAL","Total","2014","2014",11179778,,
"BEL","Belgium","T","Total","TOTAL","Total","2015","2015",11238474,,
"BEL","Belgium","T","Total","TOTAL","Total","2016","2016",11295003,,
"BEL","Belgium","T","Total","TOTAL","Total","2017","2017",11349081,,
"BEL","Belgium","T","Total","TOTAL","Total","2018","2018",11403740,,
"BEL","Belgium","T","Total","TOTAL","Total","2019","2019",11462023,,
"BEL","Belgium","T","Total","TOTAL","Total","2020","2020",11506938,,
"BEL","Belgium","T","Total","TOTAL","Total","2021","2021",11552615,,
"CAN","Canada","T","Total","TOTAL","Total","1995","1995",29302311,,
"CAN","Canada","T","Total","TOTAL","Total","1996","1996",29610218,,
"CAN","Canada","T","Total","TOTAL","Total","1997","1997",29905948,,
"CAN","Canada","T","Total","TOTAL","Total","1998","1998",30155173,,
"CAN","Canada","T","Total","TOTAL","Total","1999","1999",30401286,,
"CAN","Canada","T","Total","TOTAL","Total","2000","2000",30685730,,
"CAN","Canada","T","Total","TOTAL","Total","2001","2001",31020902,,
"CAN","Canada","T","Total","TOTAL","Total","2002","2002",31360079,,
"CAN","Canada","T","Total","TOTAL","Total","2003","2003",31644028,,
"CAN","Canada","T","Total","TOTAL","Total","2004","2004",31940655,,
"CAN","Canada","T","Total","TOTAL","Total","2005","2005",32243753,,
"CAN","Canada","T","Total","TOTAL","Total","2006","2006",32571174,,
"CAN","Canada","T","Total","TOTAL","Total","2007","2007",32889025,,
"CAN","Canada","T","Total","TOTAL","Total","2008","2008",33247118,,
"CAN","Canada","T","Total","TOTAL","Total","2009","2009",33628895,,
"CAN","Canada","T","Total","TOTAL","Total","2010","2010",34004889,,
"CAN","Canada","T","Total","TOTAL","Total","2011","2011",34339328,,
"CAN","Canada","T","Total","TOTAL","Total","2012","2012",34714222,,
"CAN","Canada","T","Total","TOTAL","Total","2013","2013",35082954,,
"CAN","Canada","T","Total","TOTAL","Total","2014","2014",35437435,,
"CAN","Canada","T","Total","TOTAL","Total","2015","2015",35702908,,
"CAN","Canada","T","Total","TOTAL","Total","2016","2016",36109487,,
"CAN","Canada","T","Total","TOTAL","Total","2017","2017",36545236,,
"CAN","Canada","T","Total","TOTAL","Total","2018","2018",37065084,,
"CAN","Canada","T","Total","TOTAL","Total","2019","2019",37601230,,
"CAN","Canada","T","Total","TOTAL","Total","2020","2020",38007166,,
"CAN","Canada","T","Total","TOTAL","Total","2021","2021",38226498,,
"CZE","Czech Republic","T","Total","TOTAL","Total","1995","1995",10330759,,
"CZE","Czech Republic","T","Total","TOTAL","Total","1996","1996",10315353,,
"CZE","Czech Republic","T","Total","TOTAL","Total","1997","1997",10303642,,
"CZE","Czech Republic","T","Total","TOTAL","Total","1998","1998",10294943,,
"CZE","Czech Republic","T","Total","TOTAL","Total","1999","1999",10282784,,
"CZE","Czech Republic","T","Total","TOTAL","Total","2000","2000",10272503,,
"CZE","Czech Republic","T","Total","TOTAL","Total","2001","2001",10224192,,
"CZE","Czech Republic","T","Total","TOTAL","Total","2002","2002",10200774,,
"CZE","Czech Republic","T","Total","TOTAL","Total","2003","2003",10201651,,
"CZE","Czech Republic","T","Total","TOTAL","Total","2004","2004",10206923,,
"CZE","Czech Republic","T","Total","TOTAL","Total","2005","2005",10234092,,
"CZE","Czech Republic","T","Total","TOTAL","Total","2006","2006",10266646,,
"CZE","Czech Republic","T","Total","TOTAL","Total","2007","2007",10322689,,
"CZE","Czech Republic","T","Total","TOTAL","Total","2008","2008",10429692,,
"CZE","Czech Republic","T","Total","TOTAL","Total","2009","2009",10491492,,
"CZE","Czech Republic","T","Total","TOTAL","Total","2010","2010",10517247,,
"CZE","Czech Republic","T","Total","TOTAL","Total","2011","2011",10496672,,
"CZE","Czech Republic","T","Total","TOTAL","Total","2012","2012",10509286,,
"CZE","Czech Republic","T","Total","TOTAL","Total","2013","2013",10510719,,
"CZE","Czech Republic","T","Total","TOTAL","Total","2014","2014",10524783,,
"CZE","Czech Republic","T","Total","TOTAL","Total","2015","2015",10542942,,
"CZE","Czech Republic","T","Total","TOTAL","Total","2016","2016",10565284,,
"CZE","Czech Republic","T","Total","TOTAL","Total","2017","2017",10589526,,
"CZE","Czech Republic","T","Total","TOTAL","Total","2018","2018",10626430,,
"CZE","Czech Republic","T","Total","TOTAL","Total","2019","2019",10669324,,
"CZE","Czech Republic","T","Total","TOTAL","Total","2020","2020",10700155,,
"CZE","Czech Republic","T","Total","TOTAL","Total","2021","2021",10500850,,
"DNK","Denmark","T","Total","TOTAL","Total","1995","1995",5227861,,
"DNK","Denmark","T","Total","TOTAL","Total","1996","1996",5261503,,
"DNK","Denmark","T","Total","TOTAL","Total","1997","1997",5284220,,
"DNK","Denmark","T","Total","TOTAL","Total","1998","1998",5301304,,
"DNK","Denmark","T","Total","TOTAL","Total","1999","1999",5319111,,
"DNK","Denmark","T","Total","TOTAL","Total","2000","2000",5337344,,
"DNK","Denmark","T","Total","TOTAL","Total","2001","2001",5355082,,
"DNK","Denmark","T","Total","TOTAL","Total","2002","2002",5374255,,
"DNK","Denmark","T","Total","TOTAL","Total","2003","2003",5387174,,
"DNK","Denmark","T","Total","TOTAL","Total","2004","2004",5401177,,
"DNK","Denmark","T","Total","TOTAL","Total","2005","2005",5415978,,
"DNK","Denmark","T","Total","TOTAL","Total","2006","2006",5434567,,
"DNK","Denmark","T","Total","TOTAL","Total","2007","2007",5457415,,
"DNK","Denmark","T","Total","TOTAL","Total","2008","2008",5489022,,
"DNK","Denmark","T","Total","TOTAL","Total","2009","2009",5519441,,
"DNK","Denmark","T","Total","TOTAL","Total","2010","2010",5543819,,
"DNK","Denmark","T","Total","TOTAL","Total","2011","2011",5566856,,
"DNK","Denmark","T","Total","TOTAL","Total","2012","2012",5587085,,
"DNK","Denmark","T","Total","TOTAL","Total","2013","2013",5608784,,
"DNK","Denmark","T","Total","TOTAL","Total","2014","2014",5639719,,
"DNK","Denmark","T","Total","TOTAL","Total","2015","2015",5678348,,
"DNK","Denmark","T","Total","TOTAL","Total","2016","2016",5724456,,
"DNK","Denmark","T","Total","TOTAL","Total","2017","2017",5760694,,
"DNK","Denmark","T","Total","TOTAL","Total","2018","2018",5789957,,
"DNK","Denmark","T","Total","TOTAL","Total","2019","2019",5814461,,
"DNK","Denmark","T","Total","TOTAL","Total","2020","2020",5825337,,
"DNK","Denmark","T","Total","TOTAL","Total","2021","2021",5850189,,
"FIN","Finland","T","Total","TOTAL","Total","1995","1995",5107787,,
"FIN","Finland","T","Total","TOTAL","Total","1996","1996",5124573,,
"FIN","Finland","T","Total","TOTAL","Total","1997","1997",5139839,,
"FIN","Finland","T","Total","TOTAL","Total","1998","1998",5153499,,
"FIN","Finland","T","Total","TOTAL","Total","1999","1999",5165470,,
"FIN","Finland","T","Total","TOTAL","Total","2000","2000",5176203,,
"FIN","Finland","T","Total","TOTAL","Total","2001","2001",5188005,,
"FIN","Finland","T","Total","TOTAL","Total","2002","2002",5200598,,
"FIN","Finland","T","Total","TOTAL","Total","2003","2003",5213010,,
"FIN","Finland","T","Total","TOTAL","Total","2004","2004",5228173,,
"FIN","Finland","T","Total","TOTAL","Total","2005","2005",5246100,,
"FIN","Finland","T","Total","TOTAL","Total","2006","2006",5266266,,
"FIN","Finland","T","Total","TOTAL","Total","2007","2007",5288719,,
"FIN","Finland","T","Total","TOTAL","Total","2008","2008",5313398,,
"FIN","Finland","T","Total","TOTAL","Total","2009","2009",5338867,,
"FIN","Finland","T","Total","TOTAL","Total","2010","2010",5363341,,
"FIN","Finland","T","Total","TOTAL","Total","2011","2011",5388272,,
"FIN","Finland","T","Total","TOTAL","Total","2012","2012",5413967,,
"FIN","Finland","T","Total","TOTAL","Total","2013","2013",5438975,,
"FIN","Finland","T","Total","TOTAL","Total","2014","2014",5461507,,
"FIN","Finland","T","Total","TOTAL","Total","2015","2015",5479528,,
"FIN","Finland","T","Total","TOTAL","Total","2016","2016",5495297,,
"FIN","Finland","T","Total","TOTAL","Total","2017","2017",5508209,,
"FIN","Finland","T","Total","TOTAL","Total","2018","2018",5515525,,
"FIN","Finland","T","Total","TOTAL","Total","2019","2019",5521605,,
"FIN","Finland","T","Total","TOTAL","Total","2020","2020",5529545,,
"FIN","Finland","T","Total","TOTAL","Total","2021","2021",5541020,,
"FRA","France","T","Total","TOTAL","Total","1995","1995",59383991,,
"FRA","France","T","Total","TOTAL","Total","1996","1996",59589289,,
"FRA","France","T","Total","TOTAL","Total","1997","1997",59795263,,
"FRA","France","T","Total","TOTAL","Total","1998","1998",60011008,,
"FRA","France","T","Total","TOTAL","Total","1999","1999",60315406,,
"FRA","France","T","Total","TOTAL","Total","2000","2000",60724780,,
"FRA","France","T","Total","TOTAL","Total","2001","2001",61163237,,
"FRA","France","T","Total","TOTAL","Total","2002","2002",61604550,,
"FRA","France","T","Total","TOTAL","Total","2003","2003",62037544,,
"FRA","France","T","Total","TOTAL","Total","2004","2004",62490800,,
"FRA","France","T","Total","TOTAL","Total","2005","2005",62958328,,
"FRA","France","T","Total","TOTAL","Total","2006","2006",63393406,,
"FRA","France","T","Total","TOTAL","Total","2007","2007",63781275,,
"FRA","France","T","Total","TOTAL","Total","2008","2008",64133174,,
"FRA","France","T","Total","TOTAL","Total","2009","2009",64458715,,
"FRA","France","T","Total","TOTAL","Total","2010","2010",64773169,,
"FRA","France","T","Total","TOTAL","Total","2011","2011",65087317,,
"FRA","France","T","Total","TOTAL","Total","2012","2012",65402998,,
"FRA","France","T","Total","TOTAL","Total","2013","2013",65735961,,
"FRA","France","T","Total","TOTAL","Total","2014","2014",66276671,,
"FRA","France","T","Total","TOTAL","Total","2015","2015",66512558,,
"FRA","France","T","Total","TOTAL","Total","2016","2016",66688563,,
"FRA","France","T","Total","TOTAL","Total","2017","2017",66883314,,
"FRA","France","T","Total","TOTAL","Total","2018","2018",67125071,,
"FRA","France","T","Total","TOTAL","Total","2019","2019",67349922,,
"FRA","France","T","Total","TOTAL","Total","2020","2020",67538482,,
"FRA","France","T","Total","TOTAL","Total","2021","2021",67738863,,
"DEU","Germany","T","Total","TOTAL","Total","1995","1995",81678046,,
"DEU","Germany","T","Total","TOTAL","Total","1996","1996",81914834,,
"DEU","Germany","T","Total","TOTAL","Total","1997","1997",82034775,,
"DEU","Germany","T","Total","TOTAL","Total","1998","1998",82047197,,
"DEU","Germany","T","Total","TOTAL","Total","1999","1999",82100243,,
"DEU","Germany","T","Total","TOTAL","Total","2000","2000",82211501,,
"DEU","Germany","T","Total","TOTAL","Total","2001","2001",82349926,,
"DEU","Germany","T","Total","TOTAL","Total","2002","2002",82488493,,
"DEU","Germany","T","Total","TOTAL","Total","2003","2003",82534175,,
"DEU","Germany","T","Total","TOTAL","Total","2004","2004",82516268,,
"DEU","Germany","T","Total","TOTAL","Total","2005","2005",82469421,,
"DEU","Germany","T","Total","TOTAL","Total","2006","2006",82376447,,
"DEU","Germany","T","Total","TOTAL","Total","2007","2007",82266373,,
"DEU","Germany","T","Total","TOTAL","Total","2008","2008",82110097,,
"DEU","Germany","T","Total","TOTAL","Total","2009","2009",81902308,,
"DEU","Germany","T","Total","TOTAL","Total","2010","2010",81776936,,
"DEU","Germany","T","Total","TOTAL","Total","2011","2011",80274981,,
"DEU","Germany","T","Total","TOTAL","Total","2012","2012",80425826,,
"DEU","Germany","T","Total","TOTAL","Total","2013","2013",80645605,,
"DEU","Germany","T","Total","TOTAL","Total","2014","2014",80982495,,
"DEU","Germany","T","Total","TOTAL","Total","2015","2015",81686608,,
"DEU","Germany","T","Total","TOTAL","Total","2016","2016",82348669,,
"DEU","Germany","T","Total","TOTAL","Total","2017","2017",82657000,,
"DEU","Germany","T","Total","TOTAL","Total","2018","2018",82905788,,
"DEU","Germany","T","Total","TOTAL","Total","2019","2019",83092956,,
"DEU","Germany","T","Total","TOTAL","Total","2020","2020",83160877,,
"DEU","Germany","T","Total","TOTAL","Total","2021","2021",83196076,,
"GRC","Greece","T","Total","TOTAL","Total","1995","1995",10562160,,
"GRC","Greece","T","Total","TOTAL","Total","1996","1996",10608801,,
"GRC","Greece","T","Total","TOTAL","Total","1997","1997",10661264,,
"GRC","Greece","T","Total","TOTAL","Total","1998","1998",10720507,,
"GRC","Greece","T","Total","TOTAL","Total","1999","1999",10761698,,
"GRC","Greece","T","Total","TOTAL","Total","2000","2000",10805806,,
"GRC","Greece","T","Total","TOTAL","Total","2001","2001",10862129,,
"GRC","Greece","T","Total","TOTAL","Total","2002","2002",10902022,,
"GRC","Greece","T","Total","TOTAL","Total","2003","2003",10928072,,
"GRC","Greece","T","Total","TOTAL","Total","2004","2004",10955142,,
"GRC","Greece","T","Total","TOTAL","Total","2005","2005",10987316,,
"GRC","Greece","T","Total","TOTAL","Total","2006","2006",11020366,,
"GRC","Greece","T","Total","TOTAL","Total","2007","2007",11048466,,
"GRC","Greece","T","Total","TOTAL","Total","2008","2008",11077839,,
"GRC","Greece","T","Total","TOTAL","Total","2009","2009",11107017,,
"GRC","Greece","T","Total","TOTAL","Total","2010","2010",11121344,,
"GRC","Greece","T","Total","TOTAL","Total","2011","2011",11104900,,
"GRC","Greece","T","Total","TOTAL","Total","2012","2012",11045010,,
"GRC","Greece","T","Total","TOTAL","Total","2013","2013",10965209,,
"GRC","Greece","T","Total","TOTAL","Total","2014","2014",10892415,,
"GRC","Greece","T","Total","TOTAL","Total","2015","2015",10820883,,
"GRC","Greece","T","Total","TOTAL","Total","2016","2016",10775966,,
"GRC","Greece","T","Total","TOTAL","Total","2017","2017",10754679,,
"GRC","Greece","T","Total","TOTAL","Total","2018","2018",10732877,,
"GRC","Greece","T","Total","TOTAL","Total","2019","2019",10721584,,
"GRC","Greece","T","Total","TOTAL","Total","2020","2020",10698597,,
"GRC","Greece","T","Total","TOTAL","Total","2021","2021",10569211,,
"HUN","Hungary","T","Total","TOTAL","Total","1995","1995",10328967,,
"HUN","Hungary","T","Total","TOTAL","Total","1996","1996",10311235,,
"HUN","Hungary","T","Total","TOTAL","Total","1997","1997",10290475,,
"HUN","Hungary","T","Total","TOTAL","Total","1998","1998",10266571,,
"HUN","Hungary","T","Total","TOTAL","Total","1999","1999",10237527,,
"HUN","Hungary","T","Total","TOTAL","Total","2000","2000",10210965,,
"HUN","Hungary","T","Total","TOTAL","Total","2001","2001",10187578,,
"HUN","Hungary","T","Total","TOTAL","Total","2002","2002",10158610,,
"HUN","Hungary","T","Total","TOTAL","Total","2003","2003",10129554,,
"HUN","Hungary","T","Total","TOTAL","Total","2004","2004",10107140,,
"HUN","Hungary","T","Total","TOTAL","Total","2005","2005",10087064,,
"HUN","Hungary","T","Total","TOTAL","Total","2006","2006",10071374,,
"HUN","Hungary","T","Total","TOTAL","Total","2007","2007",10055778,,
"HUN","Hungary","T","Total","TOTAL","Total","2008","2008",10038186,,
"HUN","Hungary","T","Total","TOTAL","Total","2009","2009",10022647,,
"HUN","Hungary","T","Total","TOTAL","Total","2010","2010",10000020,,
"HUN","Hungary","T","Total","TOTAL","Total","2011","2011",9958824,,
"HUN","Hungary","T","Total","TOTAL","Total","2012","2012",9920364,,
"HUN","Hungary","T","Total","TOTAL","Total","2013","2013",9893083,,
"HUN","Hungary","T","Total","TOTAL","Total","2014","2014",9866466,,
"HUN","Hungary","T","Total","TOTAL","Total","2015","2015",9843025,,
"HUN","Hungary","T","Total","TOTAL","Total","2016","2016",9814026,,
"HUN","Hungary","T","Total","TOTAL","Total","2017","2017",9787969,,
"HUN","Hungary","T","Total","TOTAL","Total","2018","2018",9775566,,
"HUN","Hungary","T","Total","TOTAL","Total","2019","2019",9771142,,
"HUN","Hungary","T","Total","TOTAL","Total","2020","2020",9750153,,
"HUN","Hungary","T","Total","TOTAL","Total","2021","2021",9709893,,
"ISL","Iceland","T","Total","TOTAL","Total","1995","1995",267467,,
"ISL","Iceland","T","Total","TOTAL","Total","1996","1996",268918,,
"ISL","Iceland","T","Total","TOTAL","Total","1997","1997",271130,,
"ISL","Iceland","T","Total","TOTAL","Total","1998","1998",274049,,
"ISL","Iceland","T","Total","TOTAL","Total","1999","1999",277384,,
"ISL","Iceland","T","Total","TOTAL","Total","2000","2000",281200,,
"ISL","Iceland","T","Total","TOTAL","Total","2001","2001",284970,,
"ISL","Iceland","T","Total","TOTAL","Total","2002","2002",287516,,
"ISL","Iceland","T","Total","TOTAL","Total","2003","2003",289522,,
"ISL","Iceland","T","Total","TOTAL","Total","2004","2004",292077,,
"ISL","Iceland","T","Total","TOTAL","Total","2005","2005",296734,,
"ISL","Iceland","T","Total","TOTAL","Total","2006","2006",303784,,
"ISL","Iceland","T","Total","TOTAL","Total","2007","2007",311567,,
"ISL","Iceland","T","Total","TOTAL","Total","2008","2008",317404,,
"ISL","Iceland","T","Total","TOTAL","Total","2009","2009",318501,,
"ISL","Iceland","T","Total","TOTAL","Total","2010","2010",318044,,
"ISL","Iceland","T","Total","TOTAL","Total","2011","2011",319011,,
"ISL","Iceland","T","Total","TOTAL","Total","2012","2012",320723,,
"ISL","Iceland","T","Total","TOTAL","Total","2013","2013",323763,,
"ISL","Iceland","T","Total","TOTAL","Total","2014","2014",327379,,
"ISL","Iceland","T","Total","TOTAL","Total","2015","2015",330818,,
"ISL","Iceland","T","Total","TOTAL","Total","2016","2016",335435,,
"ISL","Iceland","T","Total","TOTAL","Total","2017","2017",343399,,
"ISL","Iceland","T","Total","TOTAL","Total","2018","2018",352722,,
"ISL","Iceland","T","Total","TOTAL","Total","2019","2019",360558,,
"ISL","Iceland","T","Total","TOTAL","Total","2020","2020",366462,,
"ISL","Iceland","T","Total","TOTAL","Total","2021","2021",372523,,
"IRL","Ireland","T","Total","TOTAL","Total","1995","1995",3601300,,
"IRL","Ireland","T","Total","TOTAL","Total","1996","1996",3626087,,
"IRL","Ireland","T","Total","TOTAL","Total","1997","1997",3664313,,
"IRL","Ireland","T","Total","TOTAL","Total","1998","1998",3703082,,
"IRL","Ireland","T","Total","TOTAL","Total","1999","1999",3741647,,
"IRL","Ireland","T","Total","TOTAL","Total","2000","2000",3789536,,
"IRL","Ireland","T","Total","TOTAL","Total","2001","2001",3847198,,
"IRL","Ireland","T","Total","TOTAL","Total","2002","2002",3917203,,
"IRL","Ireland","T","Total","TOTAL","Total","2003","2003",3979853,,
"IRL","Ireland","T","Total","TOTAL","Total","2004","2004",4045188,,
"IRL","Ireland","T","Total","TOTAL","Total","2005","2005",4133839,,
"IRL","Ireland","T","Total","TOTAL","Total","2006","2006",4232929,,
"IRL","Ireland","T","Total","TOTAL","Total","2007","2007",4375842,,
"IRL","Ireland","T","Total","TOTAL","Total","2008","2008",4485070,,
"IRL","Ireland","T","Total","TOTAL","Total","2009","2009",4533395,,
"IRL","Ireland","T","Total","TOTAL","Total","2010","2010",4554763,,
"IRL","Ireland","T","Total","TOTAL","Total","2011","2011",4574888,,
"IRL","Ireland","T","Total","TOTAL","Total","2012","2012",4593697,,
"IRL","Ireland","T","Total","TOTAL","Total","2013","2013",4614669,,
"IRL","Ireland","T","Total","TOTAL","Total","2014","2014",4645440,,
"IRL","Ireland","T","Total","TOTAL","Total","2015","2015",4687787,,
"IRL","Ireland","T","Total","TOTAL","Total","2016","2016",4739597,,
"IRL","Ireland","T","Total","TOTAL","Total","2017","2017",4792490,,
"IRL","Ireland","T","Total","TOTAL","Total","2018","2018",4857015,,
"IRL","Ireland","T","Total","TOTAL","Total","2019","2019",4921496,,
"IRL","Ireland","T","Total","TOTAL","Total","2020","2020",4977443,,
"IRL","Ireland","T","Total","TOTAL","Total","2021","2021",5011460,,
"ITA","Italy","T","Total","TOTAL","Total","1995","1995",56844301,,
"ITA","Italy","T","Total","TOTAL","Total","1996","1996",56860279,,
"ITA","Italy","T","Total","TOTAL","Total","1997","1997",56890371,,
"ITA","Italy","T","Total","TOTAL","Total","1998","1998",56906744,,
"ITA","Italy","T","Total","TOTAL","Total","1999","1999",56916316,,
"ITA","Italy","T","Total","TOTAL","Total","2000","2000",56942108,,
"ITA","Italy","T","Total","TOTAL","Total","2001","2001",56976976,,
"ITA","Italy","T","Total","TOTAL","Total","2002","2002",57089823,,
"ITA","Italy","T","Total","TOTAL","Total","2003","2003",57399187,,
"ITA","Italy","T","Total","TOTAL","Total","2004","2004",57828178,,
"ITA","Italy","T","Total","TOTAL","Total","2005","2005",58166684,,
"ITA","Italy","T","Total","TOTAL","Total","2006","2006",58399863,,
"ITA","Italy","T","Total","TOTAL","Total","2007","2007",58756247,,
"ITA","Italy","T","Total","TOTAL","Total","2008","2008",59211183,,
"ITA","Italy","T","Total","TOTAL","Total","2009","2009",59555456,,
"ITA","Italy","T","Total","TOTAL","Total","2010","2010",59819402,,
"ITA","Italy","T","Total","TOTAL","Total","2011","2011",60026844,,
"ITA","Italy","T","Total","TOTAL","Total","2012","2012",60191243,,
"ITA","Italy","T","Total","TOTAL","Total","2013","2013",60311616,,
"ITA","Italy","T","Total","TOTAL","Total","2014","2014",60320708,,
"ITA","Italy","T","Total","TOTAL","Total","2015","2015",60229599,,
"ITA","Italy","T","Total","TOTAL","Total","2016","2016",60115220,,
"ITA","Italy","T","Total","TOTAL","Total","2017","2017",60002254,,
"ITA","Italy","T","Total","TOTAL","Total","2018","2018",59877216,,
"ITA","Italy","T","Total","TOTAL","Total","2019","2019",59729077,,
"ITA","Italy","T","Total","TOTAL","Total","2020","2020",59438845,,
"ITA","Italy","T","Total","TOTAL","Total","2021","2021",59133173,,
"JPN","Japan","T","Total","TOTAL","Total","1995","1995",125570246,,
"JPN","Japan","T","Total","TOTAL","Total","1996","1996",125864000,,
"JPN","Japan","T","Total","TOTAL","Total","1997","1997",126166000,,
"JPN","Japan","T","Total","TOTAL","Total","1998","1998",126486000,,
"JPN","Japan","T","Total","TOTAL","Total","1999","1999",126686000,,
"JPN","Japan","T","Total","TOTAL","Total","2000","2000",126925843,,
"JPN","Japan","T","Total","TOTAL","Total","2001","2001",127291000,,
"JPN","Japan","T","Total","TOTAL","Total","2002","2002",127435000,,
"JPN","Japan","T","Total","TOTAL","Total","2003","2003",127619000,,
"JPN","Japan","T","Total","TOTAL","Total","2004","2004",127687000,,
"JPN","Japan","T","Total","TOTAL","Total","2005","2005",127767994,,
"JPN","Japan","T","Total","TOTAL","Total","2006","2006",127900515,,
"JPN","Japan","T","Total","TOTAL","Total","2007","2007",128032743,,
"JPN","Japan","T","Total","TOTAL","Total","2008","2008",128083960,,
"JPN","Japan","T","Total","TOTAL","Total","2009","2009",128031514,,
"JPN","Japan","T","Total","TOTAL","Total","2010","2010",128057352,,
"JPN","Japan","T","Total","TOTAL","Total","2011","2011",127834233,,
"JPN","Japan","T","Total","TOTAL","Total","2012","2012",127592657,,
"JPN","Japan","T","Total","TOTAL","Total","2013","2013",127413888,,
"JPN","Japan","T","Total","TOTAL","Total","2014","2014",127237150,,
"JPN","Japan","T","Total","TOTAL","Total","2015","2015",127094745,,
"JPN","Japan","T","Total","TOTAL","Total","2016","2016",127041812,,
"JPN","Japan","T","Total","TOTAL","Total","2017","2017",126918546,,
"JPN","Japan","T","Total","TOTAL","Total","2018","2018",126748506,,
"JPN","Japan","T","Total","TOTAL","Total","2019","2019",126555078,,
"JPN","Japan","T","Total","TOTAL","Total","2020","2020",126146099,,
"JPN","Japan","T","Total","TOTAL","Total","2021","2021",125502290,,
"KOR","Korea","T","Total","TOTAL","Total","1995","1995",45092991,,
"KOR","Korea","T","Total","TOTAL","Total","1996","1996",45524681,,
"KOR","Korea","T","Total","TOTAL","Total","1997","1997",45953580,,
"KOR","Korea","T","Total","TOTAL","Total","1998","1998",46286503,,
"KOR","Korea","T","Total","TOTAL","Total","1999","1999",46616677,,
"KOR","Korea","T","Total","TOTAL","Total","2000","2000",47008111,,
"KOR","Korea","T","Total","TOTAL","Total","2001","2001",47370164,,
"KOR","Korea","T","Total","TOTAL","Total","2002","2002",47644736,,
"KOR","Korea","T","Total","TOTAL","Total","2003","2003",47892330,,
"KOR","Korea","T","Total","TOTAL","Total","2004","2004",48082519,,
"KOR","Korea","T","Total","TOTAL","Total","2005","2005",48184561,,
"KOR","Korea","T","Total","TOTAL","Total","2006","2006",48438292,,
"KOR","Korea","T","Total","TOTAL","Total","2007","2007",48683638,,
"KOR","Korea","T","Total","TOTAL","Total","2008","2008",49054708,,
"KOR","Korea","T","Total","TOTAL","Total","2009","2009",49307835,,
"KOR","Korea","T","Total","TOTAL","Total","2010","2010",49554112,,
"KOR","Korea","T","Total","TOTAL","Total","2011","2011",49936638,,
"KOR","Korea","T","Total","TOTAL","Total","2012","2012",50199853,,
"KOR","Korea","T","Total","TOTAL","Total","2013","2013",50428893,,
"KOR","Korea","T","Total","TOTAL","Total","2014","2014",50746659,,
"KOR","Korea","T","Total","TOTAL","Total","2015","2015",51014947,,
"KOR","Korea","T","Total","TOTAL","Total","2016","2016",51217803,,
"KOR","Korea","T","Total","TOTAL","Total","2017","2017",51361911,,
"KOR","Korea","T","Total","TOTAL","Total","2018","2018",51585058,,
"KOR","Korea","T","Total","TOTAL","Total","2019","2019",51764822,,
"KOR","Korea","T","Total","TOTAL","Total","2020","2020",51836239,,
"KOR","Korea","T","Total","TOTAL","Total","2021","2021",51744876,,
"LUX","Luxembourg","T","Total","TOTAL","Total","1995","1995",408625,,
"LUX","Luxembourg","T","Total","TOTAL","Total","1996","1996",414228,,
"LUX","Luxembourg","T","Total","TOTAL","Total","1997","1997",419440,,
"LUX","Luxembourg","T","Total","TOTAL","Total","1998","1998",424699,,
"LUX","Luxembourg","T","Total","TOTAL","Total","1999","1999",430475,,
"LUX","Luxembourg","T","Total","TOTAL","Total","2000","2000",436303,,
"LUX","Luxembourg","T","Total","TOTAL","Total","2001","2001",441522,,
"LUX","Luxembourg","T","Total","TOTAL","Total","2002","2002",446166,,
"LUX","Luxembourg","T","Total","TOTAL","Total","2003","2003",451626,,
"LUX","Luxembourg","T","Total","TOTAL","Total","2004","2004",458098,,
"LUX","Luxembourg","T","Total","TOTAL","Total","2005","2005",465152,,
"LUX","Luxembourg","T","Total","TOTAL","Total","2006","2006",472641,,
"LUX","Luxembourg","T","Total","TOTAL","Total","2007","2007",479992,,
"LUX","Luxembourg","T","Total","TOTAL","Total","2008","2008",488647,,
"LUX","Luxembourg","T","Total","TOTAL","Total","2009","2009",497783,,
"LUX","Luxembourg","T","Total","TOTAL","Total","2010","2010",506953,,
"LUX","Luxembourg","T","Total","TOTAL","Total","2011","2011",518351,,
"LUX","Luxembourg","T","Total","TOTAL","Total","2012","2012",530952,,
"LUX","Luxembourg","T","Total","TOTAL","Total","2013","2013",543358,,
"LUX","Luxembourg","T","Total","TOTAL","Total","2014","2014",556322,,
"LUX","Luxembourg","T","Total","TOTAL","Total","2015","2015",569605,,
"LUX","Luxembourg","T","Total","TOTAL","Total","2016","2016",583459,,
"LUX","Luxembourg","T","Total","TOTAL","Total","2017","2017",596337,,
"LUX","Luxembourg","T","Total","TOTAL","Total","2018","2018",607950,,
"LUX","Luxembourg","T","Total","TOTAL","Total","2019","2019",620003,,
"LUX","Luxembourg","T","Total","TOTAL","Total","2020","2020",630413,,
"LUX","Luxembourg","T","Total","TOTAL","Total","2021","2021",640064,,
"MEX","Mexico","T","Total","TOTAL","Total","1995","1995",91843905,,
"MEX","Mexico","T","Total","TOTAL","Total","1996","1996",93294783,,
"MEX","Mexico","T","Total","TOTAL","Total","1997","1997",94720541,,
"MEX","Mexico","T","Total","TOTAL","Total","1998","1998",96116960,,
"MEX","Mexico","T","Total","TOTAL","Total","1999","1999",97482584,,
"MEX","Mexico","T","Total","TOTAL","Total","2000","2000",98785275,,
"MEX","Mexico","T","Total","TOTAL","Total","2001","2001",100105299,,
"MEX","Mexico","T","Total","TOTAL","Total","2002","2002",101493987,,
"MEX","Mexico","T","Total","TOTAL","Total","2003","2003",102890474,,
"MEX","Mexico","T","Total","TOTAL","Total","2004","2004",104272444,,
"MEX","Mexico","T","Total","TOTAL","Total","2005","2005",105669369,,
"MEX","Mexico","T","Total","TOTAL","Total","2006","2006",107155391,,
"MEX","Mexico","T","Total","TOTAL","Total","2007","2007",108744845,,
"MEX","Mexico","T","Total","TOTAL","Total","2008","2008",110405454,,
"MEX","Mexico","T","Total","TOTAL","Total","2009","2009",112095388,,
"MEX","Mexico","T","Total","TOTAL","Total","2010","2010",113748671,,
"MEX","Mexico","T","Total","TOTAL","Total","2011","2011",115367452,,
"MEX","Mexico","T","Total","TOTAL","Total","2012","2012",116935670,,
"MEX","Mexico","T","Total","TOTAL","Total","2013","2013",118453929,,
"MEX","Mexico","T","Total","TOTAL","Total","2014","2014",119936411,,
"MEX","Mexico","T","Total","TOTAL","Total","2015","2015",121347800,,
"MEX","Mexico","T","Total","TOTAL","Total","2016","2016",122715165,,
"MEX","Mexico","T","Total","TOTAL","Total","2017","2017",124041731,,
"MEX","Mexico","T","Total","TOTAL","Total","2018","2018",125327797,,
"MEX","Mexico","T","Total","TOTAL","Total","2019","2019",126577691,,
"MEX","Mexico","T","Total","TOTAL","Total","2020","2020",127792286,,
"MEX","Mexico","T","Total","TOTAL","Total","2021","2021",128972439,,
"NLD","Netherlands","T","Total","TOTAL","Total","1995","1995",15459004,,
"NLD","Netherlands","T","Total","TOTAL","Total","1996","1996",15530500,,
"NLD","Netherlands","T","Total","TOTAL","Total","1997","1997",15610650,,
"NLD","Netherlands","T","Total","TOTAL","Total","1998","1998",15707205,,
"NLD","Netherlands","T","Total","TOTAL","Total","1999","1999",15812085,,
"NLD","Netherlands","T","Total","TOTAL","Total","2000","2000",15925505,,
"NLD","Netherlands","T","Total","TOTAL","Total","2001","2001",16046182,,
"NLD","Netherlands","T","Total","TOTAL","Total","2002","2002",16148921,,
"NLD","Netherlands","T","Total","TOTAL","Total","2003","2003",16225303,,
"NLD","Netherlands","T","Total","TOTAL","Total","2004","2004",16281777,,
"NLD","Netherlands","T","Total","TOTAL","Total","2005","2005",16319871,,
"NLD","Netherlands","T","Total","TOTAL","Total","2006","2006",16346096,,
"NLD","Netherlands","T","Total","TOTAL","Total","2007","2007",16381696,,
"NLD","Netherlands","T","Total","TOTAL","Total","2008","2008",16445590,,
"NLD","Netherlands","T","Total","TOTAL","Total","2009","2009",16530387,,
"NLD","Netherlands","T","Total","TOTAL","Total","2010","2010",16615390,,
"NLD","Netherlands","T","Total","TOTAL","Total","2011","2011",16693074,,
"NLD","Netherlands","T","Total","TOTAL","Total","2012","2012",16754963,,
"NLD","Netherlands","T","Total","TOTAL","Total","2013","2013",16804430,,
"NLD","Netherlands","T","Total","TOTAL","Total","2014","2014",16865008,,
"NLD","Netherlands","T","Total","TOTAL","Total","2015","2015",16939925,,
"NLD","Netherlands","T","Total","TOTAL","Total","2016","2016",17030314,,
"NLD","Netherlands","T","Total","TOTAL","Total","2017","2017",17131295,,
"NLD","Netherlands","T","Total","TOTAL","Total","2018","2018",17231622,,
"NLD","Netherlands","T","Total","TOTAL","Total","2019","2019",17344876,,
"NLD","Netherlands","T","Total","TOTAL","Total","2020","2020",17441500,,
"NLD","Netherlands","T","Total","TOTAL","Total","2021","2021",17533048,,
"NZL","New Zealand","T","Total","TOTAL","Total","1995","1995",3673400,,
"NZL","New Zealand","T","Total","TOTAL","Total","1996","1996",3732000,,
"NZL","New Zealand","T","Total","TOTAL","Total","1997","1997",3781300,,
"NZL","New Zealand","T","Total","TOTAL","Total","1998","1998",3815000,,
"NZL","New Zealand","T","Total","TOTAL","Total","1999","1999",3835100,,
"NZL","New Zealand","T","Total","TOTAL","Total","2000","2000",3857700,,
"NZL","New Zealand","T","Total","TOTAL","Total","2001","2001",3880500,,
"NZL","New Zealand","T","Total","TOTAL","Total","2002","2002",3948500,,
"NZL","New Zealand","T","Total","TOTAL","Total","2003","2003",4027200,,
"NZL","New Zealand","T","Total","TOTAL","Total","2004","2004",4087500,,
"NZL","New Zealand","T","Total","TOTAL","Total","2005","2005",4133900,,
"NZL","New Zealand","T","Total","TOTAL","Total","2006","2006",4184600,,
"NZL","New Zealand","T","Total","TOTAL","Total","2007","2007",4223800,,
"NZL","New Zealand","T","Total","TOTAL","Total","2008","2008",4259800,,
"NZL","New Zealand","T","Total","TOTAL","Total","2009","2009",4302600,,
"NZL","New Zealand","T","Total","TOTAL","Total","2010","2010",4350700,,
"NZL","New Zealand","T","Total","TOTAL","Total","2011","2011",4384000,,
"NZL","New Zealand","T","Total","TOTAL","Total","2012","2012",4408100,,
"NZL","New Zealand","T","Total","TOTAL","Total","2013","2013",4442100,,
"NZL","New Zealand","T","Total","TOTAL","Total","2014","2014",4516500,,
"NZL","New Zealand","T","Total","TOTAL","Total","2015","2015",4609400,,
"NZL","New Zealand","T","Total","TOTAL","Total","2016","2016",4714100,,
"NZL","New Zealand","T","Total","TOTAL","Total","2017","2017",4813600,,
"NZL","New Zealand","T","Total","TOTAL","Total","2018","2018",4900600,,
"NZL","New Zealand","T","Total","TOTAL","Total","2019","2019",4979200,,
"NZL","New Zealand","T","Total","TOTAL","Total","2020","2020",5090200,,
"NZL","New Zealand","T","Total","TOTAL","Total","2021","2021",5111400,,
"NOR","Norway","T","Total","TOTAL","Total","1995","1995",4359187,,
"NOR","Norway","T","Total","TOTAL","Total","1996","1996",4381339,,
"NOR","Norway","T","Total","TOTAL","Total","1997","1997",4405158,,
"NOR","Norway","T","Total","TOTAL","Total","1998","1998",4431465,,
"NOR","Norway","T","Total","TOTAL","Total","1999","1999",4461915,,
"NOR","Norway","T","Total","TOTAL","Total","2000","2000",4490973,,
"NOR","Norway","T","Total","TOTAL","Total","2001","2001",4513747,,
"NOR","Norway","T","Total","TOTAL","Total","2002","2002",4538157,,
"NOR","Norway","T","Total","TOTAL","Total","2003","2003",4564856,,
"NOR","Norway","T","Total","TOTAL","Total","2004","2004",4591909,,
"NOR","Norway","T","Total","TOTAL","Total","2005","2005",4623293,,
"NOR","Norway","T","Total","TOTAL","Total","2006","2006",4660673,,
"NOR","Norway","T","Total","TOTAL","Total","2007","2007",4709156,,
"NOR","Norway","T","Total","TOTAL","Total","2008","2008",4768215,,
"NOR","Norway","T","Total","TOTAL","Total","2009","2009",4828716,,
"NOR","Norway","T","Total","TOTAL","Total","2010","2010",4889253,,
"NOR","Norway","T","Total","TOTAL","Total","2011","2011",4953089,,
"NOR","Norway","T","Total","TOTAL","Total","2012","2012",5018574,,
"NOR","Norway","T","Total","TOTAL","Total","2013","2013",5080171,,
"NOR","Norway","T","Total","TOTAL","Total","2014","2014",5137427,,
"NOR","Norway","T","Total","TOTAL","Total","2015","2015",5189898,,
"NOR","Norway","T","Total","TOTAL","Total","2016","2016",5236152,,
"NOR","Norway","T","Total","TOTAL","Total","2017","2017",5276965,,
"NOR","Norway","T","Total","TOTAL","Total","2018","2018",5311916,,
"NOR","Norway","T","Total","TOTAL","Total","2019","2019",5347893,,
"NOR","Norway","T","Total","TOTAL","Total","2020","2020",5379472,,
"NOR","Norway","T","Total","TOTAL","Total","2021","2021",5408320,,
"POL","Poland","T","Total","TOTAL","Total","1995","1995",38274500,,
"POL","Poland","T","Total","TOTAL","Total","1996","1996",38289000,,
"POL","Poland","T","Total","TOTAL","Total","1997","1997",38292000,,
"POL","Poland","T","Total","TOTAL","Total","1998","1998",38283500,,
"POL","Poland","T","Total","TOTAL","Total","1999","1999",38270000,,
"POL","Poland","T","Total","TOTAL","Total","2000","2000",38258477.5,,
"POL","Poland","T","Total","TOTAL","Total","2001","2001",38248076,,
"POL","Poland","T","Total","TOTAL","Total","2002","2002",38232301,,
"POL","Poland","T","Total","TOTAL","Total","2003","2003",38195177,,
"POL","Poland","T","Total","TOTAL","Total","2004","2004",38180249,,
"POL","Poland","T","Total","TOTAL","Total","2005","2005",38161313,,
"POL","Poland","T","Total","TOTAL","Total","2006","2006",38132277,,
"POL","Poland","T","Total","TOTAL","Total","2007","2007",38115967,,
"POL","Poland","T","Total","TOTAL","Total","2008","2008",38115909,,
"POL","Poland","T","Total","TOTAL","Total","2009","2009",38153389,,
"POL","Poland","T","Total","TOTAL","Total","2010","2010",38516689,,
"POL","Poland","T","Total","TOTAL","Total","2011","2011",38525670,,
"POL","Poland","T","Total","TOTAL","Total","2012","2012",38533789,,
"POL","Poland","T","Total","TOTAL","Total","2013","2013",38502396,,
"POL","Poland","T","Total","TOTAL","Total","2014","2014",38483957,,
"POL","Poland","T","Total","TOTAL","Total","2015","2015",38454576,,
"POL","Poland","T","Total","TOTAL","Total","2016","2016",38426809,,
"POL","Poland","T","Total","TOTAL","Total","2017","2017",38422346,,
"POL","Poland","T","Total","TOTAL","Total","2018","2018",38413139,,
"POL","Poland","T","Total","TOTAL","Total","2019","2019",38386476,,
"POL","Poland","T","Total","TOTAL","Total","2020","2020",38354173,,
"POL","Poland","T","Total","TOTAL","Total","2021","2021",38162224,,
"PRT","Portugal","T","Total","TOTAL","Total","1995","1995",10026176,,
"PRT","Portugal","T","Total","TOTAL","Total","1996","1996",10063944.5,,
"PRT","Portugal","T","Total","TOTAL","Total","1997","1997",10108977,,
"PRT","Portugal","T","Total","TOTAL","Total","1998","1998",10160196,,
"PRT","Portugal","T","Total","TOTAL","Total","1999","1999",10217828,,
"PRT","Portugal","T","Total","TOTAL","Total","2000","2000",10289898,,
"PRT","Portugal","T","Total","TOTAL","Total","2001","2001",10362721.5,,
"PRT","Portugal","T","Total","TOTAL","Total","2002","2002",10419630.5,,
"PRT","Portugal","T","Total","TOTAL","Total","2003","2003",10458821,,
"PRT","Portugal","T","Total","TOTAL","Total","2004","2004",10483861,,
"PRT","Portugal","T","Total","TOTAL","Total","2005","2005",10503330,,
"PRT","Portugal","T","Total","TOTAL","Total","2006","2006",10522288,,
"PRT","Portugal","T","Total","TOTAL","Total","2007","2007",10542963.5,,
"PRT","Portugal","T","Total","TOTAL","Total","2008","2008",10558176.5,,
"PRT","Portugal","T","Total","TOTAL","Total","2009","2009",10568246.5,,
"PRT","Portugal","T","Total","TOTAL","Total","2010","2010",10573100,,
"PRT","Portugal","T","Total","TOTAL","Total","2011","2011",10574535.5,,
"PRT","Portugal","T","Total","TOTAL","Total","2012","2012",10531419.5,,
"PRT","Portugal","T","Total","TOTAL","Total","2013","2013",10473990.5,,
"PRT","Portugal","T","Total","TOTAL","Total","2014","2014",10419606.5,,
"PRT","Portugal","T","Total","TOTAL","Total","2015","2015",10381837.5,,
"PRT","Portugal","T","Total","TOTAL","Total","2016","2016",10356516,,
"PRT","Portugal","T","Total","TOTAL","Total","2017","2017",10340124,,
"PRT","Portugal","T","Total","TOTAL","Total","2018","2018",10334633,,
"PRT","Portugal","T","Total","TOTAL","Total","2019","2019",10354445.5,,
"PRT","Portugal","T","Total","TOTAL","Total","2020","2020",10384846,,
"PRT","Portugal","T","Total","TOTAL","Total","2021","2021",10407707,,
"SVK","Slovak Republic","T","Total","TOTAL","Total","1995","1995",5363676,,
"SVK","Slovak Republic","T","Total","TOTAL","Total","1996","1996",5373793,,
"SVK","Slovak Republic","T","Total","TOTAL","Total","1997","1997",5383233,,
"SVK","Slovak Republic","T","Total","TOTAL","Total","1998","1998",5390866,,
"SVK","Slovak Republic","T","Total","TOTAL","Total","1999","1999",5395324,,
"SVK","Slovak Republic","T","Total","TOTAL","Total","2000","2000",5400679,,
"SVK","Slovak Republic","T","Total","TOTAL","Total","2001","2001",5379780,,
"SVK","Slovak Republic","T","Total","TOTAL","Total","2002","2002",5378809,,
"SVK","Slovak Republic","T","Total","TOTAL","Total","2003","2003",5378950,,
"SVK","Slovak Republic","T","Total","TOTAL","Total","2004","2004",5382574,,
"SVK","Slovak Republic","T","Total","TOTAL","Total","2005","2005",5387285,,
"SVK","Slovak Republic","T","Total","TOTAL","Total","2006","2006",5391184,,
"SVK","Slovak Republic","T","Total","TOTAL","Total","2007","2007",5397766,,
"SVK","Slovak Republic","T","Total","TOTAL","Total","2008","2008",5406972,,
"SVK","Slovak Republic","T","Total","TOTAL","Total","2009","2009",5418374,,
"SVK","Slovak Republic","T","Total","TOTAL","Total","2010","2010",5431024,,
"SVK","Slovak Republic","T","Total","TOTAL","Total","2011","2011",5398384,,
"SVK","Slovak Republic","T","Total","TOTAL","Total","2012","2012",5407579,,
"SVK","Slovak Republic","T","Total","TOTAL","Total","2013","2013",5413392.5,,
"SVK","Slovak Republic","T","Total","TOTAL","Total","2014","2014",5418649,,
"SVK","Slovak Republic","T","Total","TOTAL","Total","2015","2015",5423800.5,,
"SVK","Slovak Republic","T","Total","TOTAL","Total","2016","2016",5430797.5,,
"SVK","Slovak Republic","T","Total","TOTAL","Total","2017","2017",5439231.5,,
"SVK","Slovak Republic","T","Total","TOTAL","Total","2018","2018",5446770.5,,
"SVK","Slovak Republic","T","Total","TOTAL","Total","2019","2019",5454147,,
"SVK","Slovak Republic","T","Total","TOTAL","Total","2020","2020",5458827,,
"SVK","Slovak Republic","T","Total","TOTAL","Total","2021","2021",5441991,,
"ESP","Spain","T","Total","TOTAL","Total","1995","1995",39718895,,
"ESP","Spain","T","Total","TOTAL","Total","1996","1996",39884246,,
"ESP","Spain","T","Total","TOTAL","Total","1997","1997",40049974,,
"ESP","Spain","T","Total","TOTAL","Total","1998","1998",40214066,,
"ESP","Spain","T","Total","TOTAL","Total","1999","1999",40369667,,
"ESP","Spain","T","Total","TOTAL","Total","2000","2000",40554387,,
"ESP","Spain","T","Total","TOTAL","Total","2001","2001",40766049,,
"ESP","Spain","T","Total","TOTAL","Total","2002","2002",41423520,,
"ESP","Spain","T","Total","TOTAL","Total","2003","2003",42196231,,
"ESP","Spain","T","Total","TOTAL","Total","2004","2004",42859172,,
"ESP","Spain","T","Total","TOTAL","Total","2005","2005",43662613,,
"ESP","Spain","T","Total","TOTAL","Total","2006","2006",44360521,,
"ESP","Spain","T","Total","TOTAL","Total","2007","2007",45236004,,
"ESP","Spain","T","Total","TOTAL","Total","2008","2008",45983169,,
"ESP","Spain","T","Total","TOTAL","Total","2009","2009",46367550,,
"ESP","Spain","T","Total","TOTAL","Total","2010","2010",46562483,,
"ESP","Spain","T","Total","TOTAL","Total","2011","2011",46736257,,
"ESP","Spain","T","Total","TOTAL","Total","2012","2012",46766403,,
"ESP","Spain","T","Total","TOTAL","Total","2013","2013",46593236,,
"ESP","Spain","T","Total","TOTAL","Total","2014","2014",46455123,,
"ESP","Spain","T","Total","TOTAL","Total","2015","2015",46410149,,
"ESP","Spain","T","Total","TOTAL","Total","2016","2016",46449874,,
"ESP","Spain","T","Total","TOTAL","Total","2017","2017",46532869,,
"ESP","Spain","T","Total","TOTAL","Total","2018","2018",46728814,,
"ESP","Spain","T","Total","TOTAL","Total","2019","2019",47105358,,
"ESP","Spain","T","Total","TOTAL","Total","2020","2020",47355685,,
"ESP","Spain","T","Total","TOTAL","Total","2021","2021",47331302,,
"SWE","Sweden","T","Total","TOTAL","Total","1995","1995",8826944,,
"SWE","Sweden","T","Total","TOTAL","Total","1996","1996",8840999,,
"SWE","Sweden","T","Total","TOTAL","Total","1997","1997",8846059,,
"SWE","Sweden","T","Total","TOTAL","Total","1998","1998",8850975,,
"SWE","Sweden","T","Total","TOTAL","Total","1999","1999",8857879,,
"SWE","Sweden","T","Total","TOTAL","Total","2000","2000",8872112,,
"SWE","Sweden","T","Total","TOTAL","Total","2001","2001",8895963,,
"SWE","Sweden","T","Total","TOTAL","Total","2002","2002",8924960,,
"SWE","Sweden","T","Total","TOTAL","Total","2003","2003",8958232,,
"SWE","Sweden","T","Total","TOTAL","Total","2004","2004",8993534,,
"SWE","Sweden","T","Total","TOTAL","Total","2005","2005",9029567,,
"SWE","Sweden","T","Total","TOTAL","Total","2006","2006",9080506,,
"SWE","Sweden","T","Total","TOTAL","Total","2007","2007",9148093,,
"SWE","Sweden","T","Total","TOTAL","Total","2008","2008",9219639,,
"SWE","Sweden","T","Total","TOTAL","Total","2009","2009",9298512,,
"SWE","Sweden","T","Total","TOTAL","Total","2010","2010",9378131,,
"SWE","Sweden","T","Total","TOTAL","Total","2011","2011",9449216,,
"SWE","Sweden","T","Total","TOTAL","Total","2012","2012",9519379,,
"SWE","Sweden","T","Total","TOTAL","Total","2013","2013",9600374,,
"SWE","Sweden","T","Total","TOTAL","Total","2014","2014",9696105,,
"SWE","Sweden","T","Total","TOTAL","Total","2015","2015",9799183,,
"SWE","Sweden","T","Total","TOTAL","Total","2016","2016",9923086,,
"SWE","Sweden","T","Total","TOTAL","Total","2017","2017",10057695,,
"SWE","Sweden","T","Total","TOTAL","Total","2018","2018",10175215,,
"SWE","Sweden","T","Total","TOTAL","Total","2019","2019",10278888,,
"SWE","Sweden","T","Total","TOTAL","Total","2020","2020",10353444,,
"SWE","Sweden","T","Total","TOTAL","Total","2021","2021",10415812,,
"CHE","Switzerland","T","Total","TOTAL","Total","1995","1995",7040687,,
"CHE","Switzerland","T","Total","TOTAL","Total","1996","1996",7071851,,
"CHE","Switzerland","T","Total","TOTAL","Total","1997","1997",7088906,,
"CHE","Switzerland","T","Total","TOTAL","Total","1998","1998",7110002,,
"CHE","Switzerland","T","Total","TOTAL","Total","1999","1999",7143991,,
"CHE","Switzerland","T","Total","TOTAL","Total","2000","2000",7184250,,
"CHE","Switzerland","T","Total","TOTAL","Total","2001","2001",7226647,,
"CHE","Switzerland","T","Total","TOTAL","Total","2002","2002",7284754,,
"CHE","Switzerland","T","Total","TOTAL","Total","2003","2003",7339002,,
"CHE","Switzerland","T","Total","TOTAL","Total","2004","2004",7389626,,
"CHE","Switzerland","T","Total","TOTAL","Total","2005","2005",7437116,,
"CHE","Switzerland","T","Total","TOTAL","Total","2006","2006",7483935,,
"CHE","Switzerland","T","Total","TOTAL","Total","2007","2007",7551117,,
"CHE","Switzerland","T","Total","TOTAL","Total","2008","2008",7647676,,
"CHE","Switzerland","T","Total","TOTAL","Total","2009","2009",7743832,,
"CHE","Switzerland","T","Total","TOTAL","Total","2010","2010",7824910,,
"CHE","Switzerland","T","Total","TOTAL","Total","2011","2011",7912396,,
"CHE","Switzerland","T","Total","TOTAL","Total","2012","2012",7996861,,
"CHE","Switzerland","T","Total","TOTAL","Total","2013","2013",8089346,,
"CHE","Switzerland","T","Total","TOTAL","Total","2014","2014",8188646,,
"CHE","Switzerland","T","Total","TOTAL","Total","2015","2015",8282398,,
"CHE","Switzerland","T","Total","TOTAL","Total","2016","2016",8373334,,
"CHE","Switzerland","T","Total","TOTAL","Total","2017","2017",8451834,,
"CHE","Switzerland","T","Total","TOTAL","Total","2018","2018",8514327,,
"CHE","Switzerland","T","Total","TOTAL","Total","2019","2019",8575280,,
"CHE","Switzerland","T","Total","TOTAL","Total","2020","2020",8638169,,
"CHE","Switzerland","T","Total","TOTAL","Total","2021","2021",8704542,,
"TUR","Türkiye","T","Total","TOTAL","Total","1995","1995",59756000,,
"TUR","Türkiye","T","Total","TOTAL","Total","1996","1996",60671000,,
"TUR","Türkiye","T","Total","TOTAL","Total","1997","1997",61582000,,
"TUR","Türkiye","T","Total","TOTAL","Total","1998","1998",62464000,,
"TUR","Türkiye","T","Total","TOTAL","Total","1999","1999",63364000,,
"TUR","Türkiye","T","Total","TOTAL","Total","2000","2000",64268751,,
"TUR","Türkiye","T","Total","TOTAL","Total","2001","2001",65166330.5,,
"TUR","Türkiye","T","Total","TOTAL","Total","2002","2002",66002505.5,,
"TUR","Türkiye","T","Total","TOTAL","Total","2003","2003",66794551,,
"TUR","Türkiye","T","Total","TOTAL","Total","2004","2004",67598736,,
"TUR","Türkiye","T","Total","TOTAL","Total","2005","2005",68435380,,
"TUR","Türkiye","T","Total","TOTAL","Total","2006","2006",69295253,,
"TUR","Türkiye","T","Total","TOTAL","Total","2007","2007",70158111.5,,
"TUR","Türkiye","T","Total","TOTAL","Total","2008","2008",71051689,,
"TUR","Türkiye","T","Total","TOTAL","Total","2009","2009",72039215,,
"TUR","Türkiye","T","Total","TOTAL","Total","2010","2010",73142162,,
"TUR","Türkiye","T","Total","TOTAL","Total","2011","2011",74223642,,
"TUR","Türkiye","T","Total","TOTAL","Total","2012","2012",75175836,,
"TUR","Türkiye","T","Total","TOTAL","Total","2013","2013",76147634,,
"TUR","Türkiye","T","Total","TOTAL","Total","2014","2014",77181894,,
"TUR","Türkiye","T","Total","TOTAL","Total","2015","2015",78218488,,
"TUR","Türkiye","T","Total","TOTAL","Total","2016","2016",79277971,,
"TUR","Türkiye","T","Total","TOTAL","Total","2017","2017",80312708,,
"TUR","Türkiye","T","Total","TOTAL","Total","2018","2018",81407211,,
"TUR","Türkiye","T","Total","TOTAL","Total","2019","2019",82579448,,
"TUR","Türkiye","T","Total","TOTAL","Total","2020","2020",83384688,,
"TUR","Türkiye","T","Total","TOTAL","Total","2021","2021",84147326,,
"GBR","United Kingdom","T","Total","TOTAL","Total","1995","1995",58024799,,
"GBR","United Kingdom","T","Total","TOTAL","Total","1996","1996",58164374,,
"GBR","United Kingdom","T","Total","TOTAL","Total","1997","1997",58314249,,
"GBR","United Kingdom","T","Total","TOTAL","Total","1998","1998",58474943,,
"GBR","United Kingdom","T","Total","TOTAL","Total","1999","1999",58684427,,
"GBR","United Kingdom","T","Total","TOTAL","Total","2000","2000",58886065,,
"GBR","United Kingdom","T","Total","TOTAL","Total","2001","2001",59113016,,
"GBR","United Kingdom","T","Total","TOTAL","Total","2002","2002",59365677,,
"GBR","United Kingdom","T","Total","TOTAL","Total","2003","2003",59636662,,
"GBR","United Kingdom","T","Total","TOTAL","Total","2004","2004",59950364,,
"GBR","United Kingdom","T","Total","TOTAL","Total","2005","2005",60413276,,
"GBR","United Kingdom","T","Total","TOTAL","Total","2006","2006",60827067,,
"GBR","United Kingdom","T","Total","TOTAL","Total","2007","2007",61319075,,
"GBR","United Kingdom","T","Total","TOTAL","Total","2008","2008",61823772,,
"GBR","United Kingdom","T","Total","TOTAL","Total","2009","2009",62260486,,
"GBR","United Kingdom","T","Total","TOTAL","Total","2010","2010",62759456,,
"GBR","United Kingdom","T","Total","TOTAL","Total","2011","2011",63285145,,
"GBR","United Kingdom","T","Total","TOTAL","Total","2012","2012",63705030,,
"GBR","United Kingdom","T","Total","TOTAL","Total","2013","2013",64105654,,
"GBR","United Kingdom","T","Total","TOTAL","Total","2014","2014",64596752,,
"GBR","United Kingdom","T","Total","TOTAL","Total","2015","2015",65110034,,
"GBR","United Kingdom","T","Total","TOTAL","Total","2016","2016",65648054,,
"GBR","United Kingdom","T","Total","TOTAL","Total","2017","2017",66040229,,
"GBR","United Kingdom","T","Total","TOTAL","Total","2018","2018",66435550,,
"GBR","United Kingdom","T","Total","TOTAL","Total","2019","2019",66796807,,
"GBR","United Kingdom","T","Total","TOTAL","Total","2020","2020",67081234,,
"GBR","United Kingdom","T","Total","TOTAL","Total","2021","2021",67026292,,
"USA","United States","T","Total","TOTAL","Total","1995","1995",266278393,,
"USA","United States","T","Total","TOTAL","Total","1996","1996",269394284,,
"USA","United States","T","Total","TOTAL","Total","1997","1997",272646925,,
"USA","United States","T","Total","TOTAL","Total","1998","1998",275854104,,
"USA","United States","T","Total","TOTAL","Total","1999","1999",279040168,,
"USA","United States","T","Total","TOTAL","Total","2000","2000",282162411,,
"USA","United States","T","Total","TOTAL","Total","2001","2001",284968955,,
"USA","United States","T","Total","TOTAL","Total","2002","2002",287625193,,
"USA","United States","T","Total","TOTAL","Total","2003","2003",290107933,,
"USA","United States","T","Total","TOTAL","Total","2004","2004",292805298,,
"USA","United States","T","Total","TOTAL","Total","2005","2005",295516599,,
"USA","United States","T","Total","TOTAL","Total","2006","2006",298379912,,
"USA","United States","T","Total","TOTAL","Total","2007","2007",301231207,,
"USA","United States","T","Total","TOTAL","Total","2008","2008",304093966,,
"USA","United States","T","Total","TOTAL","Total","2009","2009",306771529,,
"USA","United States","T","Total","TOTAL","Total","2010","2010",309327143,,
"USA","United States","T","Total","TOTAL","Total","2011","2011",311583481,,
"USA","United States","T","Total","TOTAL","Total","2012","2012",313877662,,
"USA","United States","T","Total","TOTAL","Total","2013","2013",316059947,,
"USA","United States","T","Total","TOTAL","Total","2014","2014",318386329,,
"USA","United States","T","Total","TOTAL","Total","2015","2015",320738994,,
"USA","United States","T","Total","TOTAL","Total","2016","2016",323071755,,
"USA","United States","T","Total","TOTAL","Total","2017","2017",325122128,,
"USA","United States","T","Total","TOTAL","Total","2018","2018",326838199,,
"USA","United States","T","Total","TOTAL","Total","2019","2019",328329953,,
"USA","United States","T","Total","TOTAL","Total","2020","2020",331511512,,
"USA","United States","T","Total","TOTAL","Total","2021","2021",332031554,,
"ARG","Argentina","T","Total","TOTAL","Total","1995","1995",34779096,,
"ARG","Argentina","T","Total","TOTAL","Total","1996","1996",35195575,,
"ARG","Argentina","T","Total","TOTAL","Total","1997","1997",35604362,,
"ARG","Argentina","T","Total","TOTAL","Total","1998","1998",36005387,,
"ARG","Argentina","T","Total","TOTAL","Total","1999","1999",36398577,,
"ARG","Argentina","T","Total","TOTAL","Total","2000","2000",36783859,,
"ARG","Argentina","T","Total","TOTAL","Total","2001","2001",37156654,,
"ARG","Argentina","T","Total","TOTAL","Total","2002","2002",37537783,,
"ARG","Argentina","T","Total","TOTAL","Total","2003","2003",37927463,,
"ARG","Argentina","T","Total","TOTAL","Total","2004","2004",38325927,,
"ARG","Argentina","T","Total","TOTAL","Total","2005","2005",38733406,,
"ARG","Argentina","T","Total","TOTAL","Total","2006","2006",39127239,,
"ARG","Argentina","T","Total","TOTAL","Total","2007","2007",39529440,,
"ARG","Argentina","T","Total","TOTAL","Total","2008","2008",39940234,,
"ARG","Argentina","T","Total","TOTAL","Total","2009","2009",40359828,,
"ARG","Argentina","T","Total","TOTAL","Total","2010","2010",40788453,,
"ARG","Argentina","T","Total","TOTAL","Total","2011","2011",41261490,,
"ARG","Argentina","T","Total","TOTAL","Total","2012","2012",41733271,,
"ARG","Argentina","T","Total","TOTAL","Total","2013","2013",42202935,,
"ARG","Argentina","T","Total","TOTAL","Total","2014","2014",42669500,,
"ARG","Argentina","T","Total","TOTAL","Total","2015","2015",43131966,,
"ARG","Argentina","T","Total","TOTAL","Total","2016","2016",43590368,,
"ARG","Argentina","T","Total","TOTAL","Total","2017","2017",44044811,,
"ARG","Argentina","T","Total","TOTAL","Total","2018","2018",44494502,,
"ARG","Argentina","T","Total","TOTAL","Total","2019","2019",44938712,,
"ARG","Argentina","T","Total","TOTAL","Total","2020","2020",45376763,,
"ARG","Argentina","T","Total","TOTAL","Total","2021","2021",45808747,,
"BRA","Brazil","T","Total","TOTAL","Total","1995","1995",161345581,,
"BRA","Brazil","T","Total","TOTAL","Total","1996","1996",163767821,,
"BRA","Brazil","T","Total","TOTAL","Total","1997","1997",166187066,,
"BRA","Brazil","T","Total","TOTAL","Total","1998","1998",168606400,,
"BRA","Brazil","T","Total","TOTAL","Total","1999","1999",171029011,,
"BRA","Brazil","T","Total","TOTAL","Total","2000","2000",173765726,,
"BRA","Brazil","T","Total","TOTAL","Total","2001","2001",176208646,,
"BRA","Brazil","T","Total","TOTAL","Total","2002","2002",178499255,,
"BRA","Brazil","T","Total","TOTAL","Total","2003","2003",180708344,,
"BRA","Brazil","T","Total","TOTAL","Total","2004","2004",182865043,,
"BRA","Brazil","T","Total","TOTAL","Total","2005","2005",184991143,,
"BRA","Brazil","T","Total","TOTAL","Total","2006","2006",187061610,,
"BRA","Brazil","T","Total","TOTAL","Total","2007","2007",189038268,,
"BRA","Brazil","T","Total","TOTAL","Total","2008","2008",191010274,,
"BRA","Brazil","T","Total","TOTAL","Total","2009","2009",192980905,,
"BRA","Brazil","T","Total","TOTAL","Total","2010","2010",194890682,,
"BRA","Brazil","T","Total","TOTAL","Total","2011","2011",196603732,,
"BRA","Brazil","T","Total","TOTAL","Total","2012","2012",198314934,,
"BRA","Brazil","T","Total","TOTAL","Total","2013","2013",200004188,,
"BRA","Brazil","T","Total","TOTAL","Total","2014","2014",201717541,,
"BRA","Brazil","T","Total","TOTAL","Total","2015","2015",203475683,,
"BRA","Brazil","T","Total","TOTAL","Total","2016","2016",205156587,,
"BRA","Brazil","T","Total","TOTAL","Total","2017","2017",206804741,,
"BRA","Brazil","T","Total","TOTAL","Total","2018","2018",208494900,,
"BRA","Brazil","T","Total","TOTAL","Total","2019","2019",210147125,,
"BRA","Brazil","T","Total","TOTAL","Total","2020","2020",211755692,,
"BRA","Brazil","T","Total","TOTAL","Total","2021","2021",213317639,,
"BGR","Bulgaria","T","Total","TOTAL","Total","1995","1995",8406067,,
"BGR","Bulgaria","T","Total","TOTAL","Total","1996","1996",8362826,,
"BGR","Bulgaria","T","Total","TOTAL","Total","1997","1997",8312068,,
"BGR","Bulgaria","T","Total","TOTAL","Total","1998","1998",8256786,,
"BGR","Bulgaria","T","Total","TOTAL","Total","1999","1999",8210624,,
"BGR","Bulgaria","T","Total","TOTAL","Total","2000","2000",8170172,,
"BGR","Bulgaria","T","Total","TOTAL","Total","2001","2001",8009141.5,,
"BGR","Bulgaria","T","Total","TOTAL","Total","2002","2002",7837160.5,,
"BGR","Bulgaria","T","Total","TOTAL","Total","2003","2003",7775326.5,,
"BGR","Bulgaria","T","Total","TOTAL","Total","2004","2004",7716860,,
"BGR","Bulgaria","T","Total","TOTAL","Total","2005","2005",7658972,,
"BGR","Bulgaria","T","Total","TOTAL","Total","2006","2006",7601022,,
"BGR","Bulgaria","T","Total","TOTAL","Total","2007","2007",7545337.5,,
"BGR","Bulgaria","T","Total","TOTAL","Total","2008","2008",7492560.5,,
"BGR","Bulgaria","T","Total","TOTAL","Total","2009","2009",7444442.5,,
"BGR","Bulgaria","T","Total","TOTAL","Total","2010","2010",7395598.5,,
"BGR","Bulgaria","T","Total","TOTAL","Total","2011","2011",7348327.5,,
"BGR","Bulgaria","T","Total","TOTAL","Total","2012","2012",7305888,,
"BGR","Bulgaria","T","Total","TOTAL","Total","2013","2013",7265114.5,,
"BGR","Bulgaria","T","Total","TOTAL","Total","2014","2014",7223937.5,,
"BGR","Bulgaria","T","Total","TOTAL","Total","2015","2015",7177991,,
"BGR","Bulgaria","T","Total","TOTAL","Total","2016","2016",7127821.5,,
"BGR","Bulgaria","T","Total","TOTAL","Total","2017","2017",7075946.5,,
"BGR","Bulgaria","T","Total","TOTAL","Total","2018","2018",7025036.5,,
"BGR","Bulgaria","T","Total","TOTAL","Total","2019","2019",6975760.5,,
"BGR","Bulgaria","T","Total","TOTAL","Total","2020","2020",6934015,,
"BGR","Bulgaria","T","Total","TOTAL","Total","2021","2021",6877742.5,,
"CHL","Chile","T","Total","TOTAL","Total","1995","1995",14381249,,
"CHL","Chile","T","Total","TOTAL","Total","1996","1996",14584947,,
"CHL","Chile","T","Total","TOTAL","Total","1997","1997",14782706,,
"CHL","Chile","T","Total","TOTAL","Total","1998","1998",14974898,,
"CHL","Chile","T","Total","TOTAL","Total","1999","1999",15162353,,
"CHL","Chile","T","Total","TOTAL","Total","2000","2000",15343326,,
"CHL","Chile","T","Total","TOTAL","Total","2001","2001",15520049,,
"CHL","Chile","T","Total","TOTAL","Total","2002","2002",15691701,,
"CHL","Chile","T","Total","TOTAL","Total","2003","2003",15856977,,
"CHL","Chile","T","Total","TOTAL","Total","2004","2004",16022133,,
"CHL","Chile","T","Total","TOTAL","Total","2005","2005",16183489,,
"CHL","Chile","T","Total","TOTAL","Total","2006","2006",16347890,,
"CHL","Chile","T","Total","TOTAL","Total","2007","2007",16517933,,
"CHL","Chile","T","Total","TOTAL","Total","2008","2008",16697754,,
"CHL","Chile","T","Total","TOTAL","Total","2009","2009",16881078,,
"CHL","Chile","T","Total","TOTAL","Total","2010","2010",17063927,,
"CHL","Chile","T","Total","TOTAL","Total","2011","2011",17254159,,
"CHL","Chile","T","Total","TOTAL","Total","2012","2012",17443491,,
"CHL","Chile","T","Total","TOTAL","Total","2013","2013",17611902,,
"CHL","Chile","T","Total","TOTAL","Total","2014","2014",17787617,,
"CHL","Chile","T","Total","TOTAL","Total","2015","2015",17971423,,
"CHL","Chile","T","Total","TOTAL","Total","2016","2016",18167147,,
"CHL","Chile","T","Total","TOTAL","Total","2017","2017",18419192,,
"CHL","Chile","T","Total","TOTAL","Total","2018","2018",18751405,,
"CHL","Chile","T","Total","TOTAL","Total","2019","2019",19107216,,
"CHL","Chile","T","Total","TOTAL","Total","2020","2020",19458310,,
"CHL","Chile","T","Total","TOTAL","Total","2021","2021",19678363,,
"CHN","China (People's Republic of)","T","Total","TOTAL","Total","1995","1995",1218144424,,
"CHN","China (People's Republic of)","T","Total","TOTAL","Total","1996","1996",1228298839,,
"CHN","China (People's Republic of)","T","Total","TOTAL","Total","1997","1997",1237801448,,
"CHN","China (People's Republic of)","T","Total","TOTAL","Total","1998","1998",1246836105,,
"CHN","China (People's Republic of)","T","Total","TOTAL","Total","1999","1999",1255433238,,
"CHN","China (People's Republic of)","T","Total","TOTAL","Total","2000","2000",1264099070,,
"CHN","China (People's Republic of)","T","Total","TOTAL","Total","2001","2001",1272739581,,
"CHN","China (People's Republic of)","T","Total","TOTAL","Total","2002","2002",1280926119,,
"CHN","China (People's Republic of)","T","Total","TOTAL","Total","2003","2003",1288873367,,
"CHN","China (People's Republic of)","T","Total","TOTAL","Total","2004","2004",1296816710,,
"CHN","China (People's Republic of)","T","Total","TOTAL","Total","2005","2005",1304887560,,
"CHN","China (People's Republic of)","T","Total","TOTAL","Total","2006","2006",1313086568,,
"CHN","China (People's Republic of)","T","Total","TOTAL","Total","2007","2007",1321513225,,
"CHN","China (People's Republic of)","T","Total","TOTAL","Total","2008","2008",1330167153,,
"CHN","China (People's Republic of)","T","Total","TOTAL","Total","2009","2009",1339125594,,
"CHN","China (People's Republic of)","T","Total","TOTAL","Total","2010","2010",1348191369,,
"CHN","China (People's Republic of)","T","Total","TOTAL","Total","2011","2011",1357095477,,
"CHN","China (People's Republic of)","T","Total","TOTAL","Total","2012","2012",1366560818,,
"CHN","China (People's Republic of)","T","Total","TOTAL","Total","2013","2013",1376100306,,
"CHN","China (People's Republic of)","T","Total","TOTAL","Total","2014","2014",1385189667,,
"CHN","China (People's Republic of)","T","Total","TOTAL","Total","2015","2015",1393715447,,
"CHN","China (People's Republic of)","T","Total","TOTAL","Total","2016","2016",1401889680,,
"CHN","China (People's Republic of)","T","Total","TOTAL","Total","2017","2017",1410275957,,
"CHN","China (People's Republic of)","T","Total","TOTAL","Total","2018","2018",1417069468,,
"CHN","China (People's Republic of)","T","Total","TOTAL","Total","2019","2019",1421864034,,
"CHN","China (People's Republic of)","T","Total","TOTAL","Total","2020","2020",1424929783,,
"CHN","China (People's Republic of)","T","Total","TOTAL","Total","2021","2021",1425893465,,
"COL","Colombia","T","Total","TOTAL","Total","1995","1995",36229830,,
"COL","Colombia","T","Total","TOTAL","Total","1996","1996",36830574,,
"COL","Colombia","T","Total","TOTAL","Total","1997","1997",37426532,,
"COL","Colombia","T","Total","TOTAL","Total","1998","1998",38012359,,
"COL","Colombia","T","Total","TOTAL","Total","1999","1999",38585016,,
"COL","Colombia","T","Total","TOTAL","Total","2000","2000",39140080,,
"COL","Colombia","T","Total","TOTAL","Total","2001","2001",39674811,,
"COL","Colombia","T","Total","TOTAL","Total","2002","2002",40190679,,
"COL","Colombia","T","Total","TOTAL","Total","2003","2003",40693254,,
"COL","Colombia","T","Total","TOTAL","Total","2004","2004",41188093,,
"COL","Colombia","T","Total","TOTAL","Total","2005","2005",41671878,,
"COL","Colombia","T","Total","TOTAL","Total","2006","2006",42170126,,
"COL","Colombia","T","Total","TOTAL","Total","2007","2007",42658630,,
"COL","Colombia","T","Total","TOTAL","Total","2008","2008",43134017,,
"COL","Colombia","T","Total","TOTAL","Total","2009","2009",43608630,,
"COL","Colombia","T","Total","TOTAL","Total","2010","2010",44086292,,
"COL","Colombia","T","Total","TOTAL","Total","2011","2011",44553416,,
"COL","Colombia","T","Total","TOTAL","Total","2012","2012",45001571,,
"COL","Colombia","T","Total","TOTAL","Total","2013","2013",45434942,,
"COL","Colombia","T","Total","TOTAL","Total","2014","2014",45866010,,
"COL","Colombia","T","Total","TOTAL","Total","2015","2015",46313898,,
"COL","Colombia","T","Total","TOTAL","Total","2016","2016",46830116,,
"COL","Colombia","T","Total","TOTAL","Total","2017","2017",47419200,,
"COL","Colombia","T","Total","TOTAL","Total","2018","2018",48258494,,
"COL","Colombia","T","Total","TOTAL","Total","2019","2019",49395678,,
"COL","Colombia","T","Total","TOTAL","Total","2020","2020",50407647,,
"COL","Colombia","T","Total","TOTAL","Total","2021","2021",51117378,,
"CRI","Costa Rica","T","Total","TOTAL","Total","1995","1995",3428278,,
"CRI","Costa Rica","T","Total","TOTAL","Total","1996","1996",3520866,,
"CRI","Costa Rica","T","Total","TOTAL","Total","1997","1997",3611224,,
"CRI","Costa Rica","T","Total","TOTAL","Total","1998","1998",3699939,,
"CRI","Costa Rica","T","Total","TOTAL","Total","1999","1999",3786841,,
"CRI","Costa Rica","T","Total","TOTAL","Total","2000","2000",3872349,,
"CRI","Costa Rica","T","Total","TOTAL","Total","2001","2001",3953393,,
"CRI","Costa Rica","T","Total","TOTAL","Total","2002","2002",4022431,,
"CRI","Costa Rica","T","Total","TOTAL","Total","2003","2003",4086405,,
"CRI","Costa Rica","T","Total","TOTAL","Total","2004","2004",4151823,,
"CRI","Costa Rica","T","Total","TOTAL","Total","2005","2005",4215248,,
"CRI","Costa Rica","T","Total","TOTAL","Total","2006","2006",4278656,,
"CRI","Costa Rica","T","Total","TOTAL","Total","2007","2007",4340390,,
"CRI","Costa Rica","T","Total","TOTAL","Total","2008","2008",4404090,,
"CRI","Costa Rica","T","Total","TOTAL","Total","2009","2009",4469337,,
"CRI","Costa Rica","T","Total","TOTAL","Total","2010","2010",4533894,,
"CRI","Costa Rica","T","Total","TOTAL","Total","2011","2011",4592149,,
"CRI","Costa Rica","T","Total","TOTAL","Total","2012","2012",4652458.93050581,,
"CRI","Costa Rica","T","Total","TOTAL","Total","2013","2013",4713168.14141015,,
"CRI","Costa Rica","T","Total","TOTAL","Total","2014","2014",4773129.93384446,,
"CRI","Costa Rica","T","Total","TOTAL","Total","2015","2015",4832233.8134651,,
"CRI","Costa Rica","T","Total","TOTAL","Total","2016","2016",4890379.45221625,,
"CRI","Costa Rica","T","Total","TOTAL","Total","2017","2017",4947489.59332252,,
"CRI","Costa Rica","T","Total","TOTAL","Total","2018","2018",5003401.95767213,,
"CRI","Costa Rica","T","Total","TOTAL","Total","2019","2019",5058007.14721902,,
"CRI","Costa Rica","T","Total","TOTAL","Total","2020","2020",5111238.21646865,,
"CRI","Costa Rica","T","Total","TOTAL","Total","2021","2021",5163037.97091561,,
"HRV","Croatia","T","Total","TOTAL","Total","1995","1995",4807101,,
"HRV","Croatia","T","Total","TOTAL","Total","1996","1996",4758633,,
"HRV","Croatia","T","Total","TOTAL","Total","1997","1997",4711372,,
"HRV","Croatia","T","Total","TOTAL","Total","1998","1998",4659932,,
"HRV","Croatia","T","Total","TOTAL","Total","1999","1999",4605331,,
"HRV","Croatia","T","Total","TOTAL","Total","2000","2000",4548433,,
"HRV","Croatia","T","Total","TOTAL","Total","2001","2001",4299642,,
"HRV","Croatia","T","Total","TOTAL","Total","2002","2002",4302174,,
"HRV","Croatia","T","Total","TOTAL","Total","2003","2003",4303399,,
"HRV","Croatia","T","Total","TOTAL","Total","2004","2004",4304600,,
"HRV","Croatia","T","Total","TOTAL","Total","2005","2005",4310145,,
"HRV","Croatia","T","Total","TOTAL","Total","2006","2006",4311159,,
"HRV","Croatia","T","Total","TOTAL","Total","2007","2007",4310217,,
"HRV","Croatia","T","Total","TOTAL","Total","2008","2008",4309705,,
"HRV","Croatia","T","Total","TOTAL","Total","2009","2009",4305181,,
"HRV","Croatia","T","Total","TOTAL","Total","2010","2010",4295427,,
"HRV","Croatia","T","Total","TOTAL","Total","2011","2011",4280622,,
"HRV","Croatia","T","Total","TOTAL","Total","2012","2012",4267558,,
"HRV","Croatia","T","Total","TOTAL","Total","2013","2013",4255689,,
"HRV","Croatia","T","Total","TOTAL","Total","2014","2014",4238389,,
"HRV","Croatia","T","Total","TOTAL","Total","2015","2015",4203604,,
"HRV","Croatia","T","Total","TOTAL","Total","2016","2016",4174349,,
"HRV","Croatia","T","Total","TOTAL","Total","2017","2017",4124531,,
"HRV","Croatia","T","Total","TOTAL","Total","2018","2018",4087843,,
"HRV","Croatia","T","Total","TOTAL","Total","2019","2019",4065253,,
"HRV","Croatia","T","Total","TOTAL","Total","2020","2020",4047680,,
"HRV","Croatia","T","Total","TOTAL","Total","2021","2021",3878981,,
"CYP","Cyprus","T","Total","TOTAL","Total","1995","1995",650860,,
"CYP","Cyprus","T","Total","TOTAL","Total","1996","1996",661326,,
"CYP","Cyprus","T","Total","TOTAL","Total","1997","1997",670764,,
"CYP","Cyprus","T","Total","TOTAL","Total","1998","1998",679042,,
"CYP","Cyprus","T","Total","TOTAL","Total","1999","1999",686675,,
"CYP","Cyprus","T","Total","TOTAL","Total","2000","2000",694020,,
"CYP","Cyprus","T","Total","TOTAL","Total","2001","2001",701537,,
"CYP","Cyprus","T","Total","TOTAL","Total","2002","2002",709631,,
"CYP","Cyprus","T","Total","TOTAL","Total","2003","2003",718305,,
"CYP","Cyprus","T","Total","TOTAL","Total","2004","2004",727977,,
"CYP","Cyprus","T","Total","TOTAL","Total","2005","2005",738541,,
"CYP","Cyprus","T","Total","TOTAL","Total","2006","2006",750964,,
"CYP","Cyprus","T","Total","TOTAL","Total","2007","2007",767128,,
"CYP","Cyprus","T","Total","TOTAL","Total","2008","2008",786630,,
"CYP","Cyprus","T","Total","TOTAL","Total","2009","2009",808038,,
"CYP","Cyprus","T","Total","TOTAL","Total","2010","2010",829444,,
"CYP","Cyprus","T","Total","TOTAL","Total","2011","2011",850882,,
"CYP","Cyprus","T","Total","TOTAL","Total","2012","2012",863945,,
"CYP","Cyprus","T","Total","TOTAL","Total","2013","2013",861938,,
"CYP","Cyprus","T","Total","TOTAL","Total","2014","2014",852511,,
"CYP","Cyprus","T","Total","TOTAL","Total","2015","2015",847662,,
"CYP","Cyprus","T","Total","TOTAL","Total","2016","2016",851559,,
"CYP","Cyprus","T","Total","TOTAL","Total","2017","2017",859520,,
"CYP","Cyprus","T","Total","TOTAL","Total","2018","2018",870071,,
"CYP","Cyprus","T","Total","TOTAL","Total","2019","2019",881949,,
"CYP","Cyprus","T","Total","TOTAL","Total","2020","2020",892006,,
"CYP","Cyprus","T","Total","TOTAL","Total","2021","2021",900357,,
"EST","Estonia","T","Total","TOTAL","Total","1995","1995",1436634,,
"EST","Estonia","T","Total","TOTAL","Total","1996","1996",1415594,,
"EST","Estonia","T","Total","TOTAL","Total","1997","1997",1399535,,
"EST","Estonia","T","Total","TOTAL","Total","1998","1998",1386156,,
"EST","Estonia","T","Total","TOTAL","Total","1999","1999",1375654,,
"EST","Estonia","T","Total","TOTAL","Total","2000","2000",1396985,,
"EST","Estonia","T","Total","TOTAL","Total","2001","2001",1388115,,
"EST","Estonia","T","Total","TOTAL","Total","2002","2002",1379350,,
"EST","Estonia","T","Total","TOTAL","Total","2003","2003",1370720,,
"EST","Estonia","T","Total","TOTAL","Total","2004","2004",1362550,,
"EST","Estonia","T","Total","TOTAL","Total","2005","2005",1354775,,
"EST","Estonia","T","Total","TOTAL","Total","2006","2006",1346810,,
"EST","Estonia","T","Total","TOTAL","Total","2007","2007",1340680,,
"EST","Estonia","T","Total","TOTAL","Total","2008","2008",1337090,,
"EST","Estonia","T","Total","TOTAL","Total","2009","2009",1334515,,
"EST","Estonia","T","Total","TOTAL","Total","2010","2010",1331475,,
"EST","Estonia","T","Total","TOTAL","Total","2011","2011",1327439,,
"EST","Estonia","T","Total","TOTAL","Total","2012","2012",1322696,,
"EST","Estonia","T","Total","TOTAL","Total","2013","2013",1317997,,
"EST","Estonia","T","Total","TOTAL","Total","2014","2014",1314545,,
"EST","Estonia","T","Total","TOTAL","Total","2015","2015",1314608,,
"EST","Estonia","T","Total","TOTAL","Total","2016","2016",1315790,,
"EST","Estonia","T","Total","TOTAL","Total","2017","2017",1317384,,
"EST","Estonia","T","Total","TOTAL","Total","2018","2018",1321977,,
"EST","Estonia","T","Total","TOTAL","Total","2019","2019",1326855,,
"EST","Estonia","T","Total","TOTAL","Total","2020","2020",1329479,,
"EST","Estonia","T","Total","TOTAL","Total","2021","2021",1330932,,
"IND","India","T","Total","TOTAL","Total","1995","1995",964279130,,
"IND","India","T","Total","TOTAL","Total","1996","1996",983281215,,
"IND","India","T","Total","TOTAL","Total","1997","1997",1002335230,,
"IND","India","T","Total","TOTAL","Total","1998","1998",1021434576,,
"IND","India","T","Total","TOTAL","Total","1999","1999",1040500052,,
"IND","India","T","Total","TOTAL","Total","2000","2000",1059633677,,
"IND","India","T","Total","TOTAL","Total","2001","2001",1078970908,,
"IND","India","T","Total","TOTAL","Total","2002","2002",1098313040,,
"IND","India","T","Total","TOTAL","Total","2003","2003",1117415124,,
"IND","India","T","Total","TOTAL","Total","2004","2004",1136264580,,
"IND","India","T","Total","TOTAL","Total","2005","2005",1154638709,,
"IND","India","T","Total","TOTAL","Total","2006","2006",1172373786,,
"IND","India","T","Total","TOTAL","Total","2007","2007",1189691811,,
"IND","India","T","Total","TOTAL","Total","2008","2008",1206734805,,
"IND","India","T","Total","TOTAL","Total","2009","2009",1223640159,,
"IND","India","T","Total","TOTAL","Total","2010","2010",1240613620,,
"IND","India","T","Total","TOTAL","Total","2011","2011",1257621190,,
"IND","India","T","Total","TOTAL","Total","2012","2012",1274487217,,
"IND","India","T","Total","TOTAL","Total","2013","2013",1291132067,,
"IND","India","T","Total","TOTAL","Total","2014","2014",1307246512,,
"IND","India","T","Total","TOTAL","Total","2015","2015",1322866502,,
"IND","India","T","Total","TOTAL","Total","2016","2016",1338636340,,
"IND","India","T","Total","TOTAL","Total","2017","2017",1354195678,,
"IND","India","T","Total","TOTAL","Total","2018","2018",1369003306,,
"IND","India","T","Total","TOTAL","Total","2019","2019",1383112051,,
"IND","India","T","Total","TOTAL","Total","2020","2020",1396387126,,
"IND","India","T","Total","TOTAL","Total","2021","2021",1407563842,,
"IDN","Indonesia","T","Total","TOTAL","Total","1995","1995",196934257,,
"IDN","Indonesia","T","Total","TOTAL","Total","1996","1996",199901231,,
"IDN","Indonesia","T","Total","TOTAL","Total","1997","1997",202826444,,
"IDN","Indonesia","T","Total","TOTAL","Total","1998","1998",205724597,,
"IDN","Indonesia","T","Total","TOTAL","Total","1999","1999",208615171,,
"IDN","Indonesia","T","Total","TOTAL","Total","2000","2000",211513822,,
"IDN","Indonesia","T","Total","TOTAL","Total","2001","2001",214427419,,
"IDN","Indonesia","T","Total","TOTAL","Total","2002","2002",217357790,,
"IDN","Indonesia","T","Total","TOTAL","Total","2003","2003",220309473,,
"IDN","Indonesia","T","Total","TOTAL","Total","2004","2004",223285666,,
"IDN","Indonesia","T","Total","TOTAL","Total","2005","2005",226289468,,
"IDN","Indonesia","T","Total","TOTAL","Total","2006","2006",229318262,,
"IDN","Indonesia","T","Total","TOTAL","Total","2007","2007",232374239,,
"IDN","Indonesia","T","Total","TOTAL","Total","2008","2008",235469755,,
"IDN","Indonesia","T","Total","TOTAL","Total","2009","2009",238620554,,
"IDN","Indonesia","T","Total","TOTAL","Total","2010","2010",241834226,,
"IDN","Indonesia","T","Total","TOTAL","Total","2011","2011",245115988,,
"IDN","Indonesia","T","Total","TOTAL","Total","2012","2012",248451714,,
"IDN","Indonesia","T","Total","TOTAL","Total","2013","2013",251805314,,
"IDN","Indonesia","T","Total","TOTAL","Total","2014","2014",255128076,,
"IDN","Indonesia","T","Total","TOTAL","Total","2015","2015",255587900,,
"IDN","Indonesia","T","Total","TOTAL","Total","2016","2016",258496500,,
"IDN","Indonesia","T","Total","TOTAL","Total","2017","2017",261355500,,
"IDN","Indonesia","T","Total","TOTAL","Total","2018","2018",264161600,,
"IDN","Indonesia","T","Total","TOTAL","Total","2019","2019",266911900,,
"IDN","Indonesia","T","Total","TOTAL","Total","2020","2020",269603400,,
"IDN","Indonesia","T","Total","TOTAL","Total","2021","2021",272248500,,
"ISR","Israel","T","Total","TOTAL","Total","1995","1995",5544900,,
"ISR","Israel","T","Total","TOTAL","Total","1996","1996",5685100,,
"ISR","Israel","T","Total","TOTAL","Total","1997","1997",5828900,,
"ISR","Israel","T","Total","TOTAL","Total","1998","1998",5970700,,
"ISR","Israel","T","Total","TOTAL","Total","1999","1999",6125300,,
"ISR","Israel","T","Total","TOTAL","Total","2000","2000",6289200,,
"ISR","Israel","T","Total","TOTAL","Total","2001","2001",6439037,,
"ISR","Israel","T","Total","TOTAL","Total","2002","2002",6569957,,
"ISR","Israel","T","Total","TOTAL","Total","2003","2003",6689748,,
"ISR","Israel","T","Total","TOTAL","Total","2004","2004",6808969,,
"ISR","Israel","T","Total","TOTAL","Total","2005","2005",6930128,,
"ISR","Israel","T","Total","TOTAL","Total","2006","2006",7053707,,
"ISR","Israel","T","Total","TOTAL","Total","2007","2007",7180160,,
"ISR","Israel","T","Total","TOTAL","Total","2008","2008",7331353,,
"ISR","Israel","T","Total","TOTAL","Total","2009","2009",7485565,,
"ISR","Israel","T","Total","TOTAL","Total","2010","2010",7623561,,
"ISR","Israel","T","Total","TOTAL","Total","2011","2011",7765832,,
"ISR","Israel","T","Total","TOTAL","Total","2012","2012",7910525,,
"ISR","Israel","T","Total","TOTAL","Total","2013","2013",8059456,,
"ISR","Israel","T","Total","TOTAL","Total","2014","2014",8215668,,
"ISR","Israel","T","Total","TOTAL","Total","2015","2015",8380149,,
"ISR","Israel","T","Total","TOTAL","Total","2016","2016",8546009,,
"ISR","Israel","T","Total","TOTAL","Total","2017","2017",8713268,,
"ISR","Israel","T","Total","TOTAL","Total","2018","2018",8882764,,
"ISR","Israel","T","Total","TOTAL","Total","2019","2019",9054026,,
"ISR","Israel","T","Total","TOTAL","Total","2020","2020",9215113,,
"ISR","Israel","T","Total","TOTAL","Total","2021","2021",9371400,,
"LVA","Latvia","T","Total","TOTAL","Total","1995","1995",2485054,,
"LVA","Latvia","T","Total","TOTAL","Total","1996","1996",2457226,,
"LVA","Latvia","T","Total","TOTAL","Total","1997","1997",2432851,,
"LVA","Latvia","T","Total","TOTAL","Total","1998","1998",2410027,,
"LVA","Latvia","T","Total","TOTAL","Total","1999","1999",2390477,,
"LVA","Latvia","T","Total","TOTAL","Total","2000","2000",2367549,,
"LVA","Latvia","T","Total","TOTAL","Total","2001","2001",2337172,,
"LVA","Latvia","T","Total","TOTAL","Total","2002","2002",2310176,,
"LVA","Latvia","T","Total","TOTAL","Total","2003","2003",2287955,,
"LVA","Latvia","T","Total","TOTAL","Total","2004","2004",2263123,,
"LVA","Latvia","T","Total","TOTAL","Total","2005","2005",2238799,,
"LVA","Latvia","T","Total","TOTAL","Total","2006","2006",2218351,,
"LVA","Latvia","T","Total","TOTAL","Total","2007","2007",2200325,,
"LVA","Latvia","T","Total","TOTAL","Total","2008","2008",2177324,,
"LVA","Latvia","T","Total","TOTAL","Total","2009","2009",2141668,,
"LVA","Latvia","T","Total","TOTAL","Total","2010","2010",2097553,,
"LVA","Latvia","T","Total","TOTAL","Total","2011","2011",2059710,,
"LVA","Latvia","T","Total","TOTAL","Total","2012","2012",2034324,,
"LVA","Latvia","T","Total","TOTAL","Total","2013","2013",2012647,,
"LVA","Latvia","T","Total","TOTAL","Total","2014","2014",1993785,,
"LVA","Latvia","T","Total","TOTAL","Total","2015","2015",1977523,,
"LVA","Latvia","T","Total","TOTAL","Total","2016","2016",1959535,,
"LVA","Latvia","T","Total","TOTAL","Total","2017","2017",1942247,,
"LVA","Latvia","T","Total","TOTAL","Total","2018","2018",1927170,,
"LVA","Latvia","T","Total","TOTAL","Total","2019","2019",1913826,,
"LVA","Latvia","T","Total","TOTAL","Total","2020","2020",1900448,,
"LVA","Latvia","T","Total","TOTAL","Total","2021","2021",1884488,,
"LTU","Lithuania","T","Total","TOTAL","Total","1995","1995",3629102,,
"LTU","Lithuania","T","Total","TOTAL","Total","1996","1996",3601613,,
"LTU","Lithuania","T","Total","TOTAL","Total","1997","1997",3575137,,
"LTU","Lithuania","T","Total","TOTAL","Total","1998","1998",3549331,,
"LTU","Lithuania","T","Total","TOTAL","Total","1999","1999",3524237,,
"LTU","Lithuania","T","Total","TOTAL","Total","2000","2000",3499534,,
"LTU","Lithuania","T","Total","TOTAL","Total","2001","2001",3470818,,
"LTU","Lithuania","T","Total","TOTAL","Total","2002","2002",3443067,,
"LTU","Lithuania","T","Total","TOTAL","Total","2003","2003",3415213,,
"LTU","Lithuania","T","Total","TOTAL","Total","2004","2004",3377075,,
"LTU","Lithuania","T","Total","TOTAL","Total","2005","2005",3322528,,
"LTU","Lithuania","T","Total","TOTAL","Total","2006","2006",3269909,,
"LTU","Lithuania","T","Total","TOTAL","Total","2007","2007",3231294,,
"LTU","Lithuania","T","Total","TOTAL","Total","2008","2008",3198231,,
"LTU","Lithuania","T","Total","TOTAL","Total","2009","2009",3162916,,
"LTU","Lithuania","T","Total","TOTAL","Total","2010","2010",3097282,,
"LTU","Lithuania","T","Total","TOTAL","Total","2011","2011",3028115,,
"LTU","Lithuania","T","Total","TOTAL","Total","2012","2012",2987773,,
"LTU","Lithuania","T","Total","TOTAL","Total","2013","2013",2957689,,
"LTU","Lithuania","T","Total","TOTAL","Total","2014","2014",2932367,,
"LTU","Lithuania","T","Total","TOTAL","Total","2015","2015",2904910,,
"LTU","Lithuania","T","Total","TOTAL","Total","2016","2016",2868231,,
"LTU","Lithuania","T","Total","TOTAL","Total","2017","2017",2828403,,
"LTU","Lithuania","T","Total","TOTAL","Total","2018","2018",2801543,,
"LTU","Lithuania","T","Total","TOTAL","Total","2019","2019",2794137,,
"LTU","Lithuania","T","Total","TOTAL","Total","2020","2020",2794885,,
"LTU","Lithuania","T","Total","TOTAL","Total","2021","2021",2808380,,
"MLT","Malta","T","Total","TOTAL","Total","1995","1995",370433,,
"MLT","Malta","T","Total","TOTAL","Total","1996","1996",372687,,
"MLT","Malta","T","Total","TOTAL","Total","1997","1997",375236,,
"MLT","Malta","T","Total","TOTAL","Total","1998","1998",377516,,
"MLT","Malta","T","Total","TOTAL","Total","1999","1999",379360,,
"MLT","Malta","T","Total","TOTAL","Total","2000","2000",385808,,
"MLT","Malta","T","Total","TOTAL","Total","2001","2001",393028,,
"MLT","Malta","T","Total","TOTAL","Total","2002","2002",395969,,
"MLT","Malta","T","Total","TOTAL","Total","2003","2003",398582,,
"MLT","Malta","T","Total","TOTAL","Total","2004","2004",401263,,
"MLT","Malta","T","Total","TOTAL","Total","2005","2005",403825,,
"MLT","Malta","T","Total","TOTAL","Total","2006","2006",405311,,
"MLT","Malta","T","Total","TOTAL","Total","2007","2007",406725,,
"MLT","Malta","T","Total","TOTAL","Total","2008","2008",409377,,
"MLT","Malta","T","Total","TOTAL","Total","2009","2009",412474,,
"MLT","Malta","T","Total","TOTAL","Total","2010","2010",414509,,
"MLT","Malta","T","Total","TOTAL","Total","2011","2011",416264,,
"MLT","Malta","T","Total","TOTAL","Total","2012","2012",420033,,
"MLT","Malta","T","Total","TOTAL","Total","2013","2013",425968,,
"MLT","Malta","T","Total","TOTAL","Total","2014","2014",434557,,
"MLT","Malta","T","Total","TOTAL","Total","2015","2015",445056,,
"MLT","Malta","T","Total","TOTAL","Total","2016","2016",455356,,
"MLT","Malta","T","Total","TOTAL","Total","2017","2017",468005,,
"MLT","Malta","T","Total","TOTAL","Total","2018","2018",484634,,
"MLT","Malta","T","Total","TOTAL","Total","2019","2019",504059,,
"MLT","Malta","T","Total","TOTAL","Total","2020","2020",515330,,
"MLT","Malta","T","Total","TOTAL","Total","2021","2021",518538,,
"ROU","Romania","T","Total","TOTAL","Total","1995","1995",22684268,,
"ROU","Romania","T","Total","TOTAL","Total","1996","1996",22619005,,
"ROU","Romania","T","Total","TOTAL","Total","1997","1997",22553982,,
"ROU","Romania","T","Total","TOTAL","Total","1998","1998",22507354,,
"ROU","Romania","T","Total","TOTAL","Total","1999","1999",22472043,,
"ROU","Romania","T","Total","TOTAL","Total","2000","2000",22442973,,
"ROU","Romania","T","Total","TOTAL","Total","2001","2001",22131974,,
"ROU","Romania","T","Total","TOTAL","Total","2002","2002",21675775,,
"ROU","Romania","T","Total","TOTAL","Total","2003","2003",21574365,,
"ROU","Romania","T","Total","TOTAL","Total","2004","2004",21451845,,
"ROU","Romania","T","Total","TOTAL","Total","2005","2005",21319673,,
"ROU","Romania","T","Total","TOTAL","Total","2006","2006",21193749,,
"ROU","Romania","T","Total","TOTAL","Total","2007","2007",20882980,,
"ROU","Romania","T","Total","TOTAL","Total","2008","2008",20537848,,
"ROU","Romania","T","Total","TOTAL","Total","2009","2009",20367437,,
"ROU","Romania","T","Total","TOTAL","Total","2010","2010",20246798,,
"ROU","Romania","T","Total","TOTAL","Total","2011","2011",20147657,,
"ROU","Romania","T","Total","TOTAL","Total","2012","2012",20060182,,
"ROU","Romania","T","Total","TOTAL","Total","2013","2013",19988694,,
"ROU","Romania","T","Total","TOTAL","Total","2014","2014",19916451,,
"ROU","Romania","T","Total","TOTAL","Total","2015","2015",19822250,,
"ROU","Romania","T","Total","TOTAL","Total","2016","2016",19706424,,
"ROU","Romania","T","Total","TOTAL","Total","2017","2017",19592933,,
"ROU","Romania","T","Total","TOTAL","Total","2018","2018",19483840,,
"ROU","Romania","T","Total","TOTAL","Total","2019","2019",19375835,,
"ROU","Romania","T","Total","TOTAL","Total","2020","2020",19269469,,
"ROU","Romania","T","Total","TOTAL","Total","2021","2021",19124061,,
"RUS","Russia","T","Total","TOTAL","Total","1995","1995",148375796,,
"RUS","Russia","T","Total","TOTAL","Total","1996","1996",148160121,,
"RUS","Russia","T","Total","TOTAL","Total","1997","1997",147915371,,
"RUS","Russia","T","Total","TOTAL","Total","1998","1998",147670787,,
"RUS","Russia","T","Total","TOTAL","Total","1999","1999",147214777,,
"RUS","Russia","T","Total","TOTAL","Total","2000","2000",146596873,,
"RUS","Russia","T","Total","TOTAL","Total","2001","2001",145976465,,
"RUS","Russia","T","Total","TOTAL","Total","2002","2002",145306489,,
"RUS","Russia","T","Total","TOTAL","Total","2003","2003",144565937,,
"RUS","Russia","T","Total","TOTAL","Total","2004","2004",143821218,,
"RUS","Russia","T","Total","TOTAL","Total","2005","2005",143113885,,
"RUS","Russia","T","Total","TOTAL","Total","2006","2006",142487259,,
"RUS","Russia","T","Total","TOTAL","Total","2007","2007",142114903,,
"RUS","Russia","T","Total","TOTAL","Total","2008","2008",141956413,,
"RUS","Russia","T","Total","TOTAL","Total","2009","2009",141909248,,
"RUS","Russia","T","Total","TOTAL","Total","2010","2010",142389969,,
"RUS","Russia","T","Total","TOTAL","Total","2011","2011",142960911,,
"RUS","Russia","T","Total","TOTAL","Total","2012","2012",143201721,,
"RUS","Russia","T","Total","TOTAL","Total","2013","2013",143506995,,
"RUS","Russia","T","Total","TOTAL","Total","2014","2014",143819657,,
"RUS","Russia","T","Total","TOTAL","Total","2015","2015",146406004,,
"RUS","Russia","T","Total","TOTAL","Total","2016","2016",146674542,,
"RUS","Russia","T","Total","TOTAL","Total","2017","2017",146842404,,
"RUS","Russia","T","Total","TOTAL","Total","2018","2018",146830572,,
"RUS","Russia","T","Total","TOTAL","Total","2019","2019",146764661,,
"RUS","Russia","T","Total","TOTAL","Total","2020","2020",146459803,,
"RUS","Russia","T","Total","TOTAL","Total","2021","2021",145864296,,
"SAU","Saudi Arabia","T","Total","TOTAL","Total","1995","1995",18638790,,
"SAU","Saudi Arabia","T","Total","TOTAL","Total","1996","1996",19033843,,
"SAU","Saudi Arabia","T","Total","TOTAL","Total","1997","1997",19407138,,
"SAU","Saudi Arabia","T","Total","TOTAL","Total","1998","1998",19783301,,
"SAU","Saudi Arabia","T","Total","TOTAL","Total","1999","1999",20194531,,
"SAU","Saudi Arabia","T","Total","TOTAL","Total","2000","2000",20663840,,
"SAU","Saudi Arabia","T","Total","TOTAL","Total","2001","2001",21202646,,
"SAU","Saudi Arabia","T","Total","TOTAL","Total","2002","2002",21805322,,
"SAU","Saudi Arabia","T","Total","TOTAL","Total","2003","2003",22456645,,
"SAU","Saudi Arabia","T","Total","TOTAL","Total","2004","2004",23132686,,
"SAU","Saudi Arabia","T","Total","TOTAL","Total","2005","2005",23816175,,
"SAU","Saudi Arabia","T","Total","TOTAL","Total","2006","2006",24498313,,
"SAU","Saudi Arabia","T","Total","TOTAL","Total","2007","2007",25184589,,
"SAU","Saudi Arabia","T","Total","TOTAL","Total","2008","2008",25888535,,
"SAU","Saudi Arabia","T","Total","TOTAL","Total","2009","2009",26630303,,
"SAU","Saudi Arabia","T","Total","TOTAL","Total","2010","2010",27410508,,
"SAU","Saudi Arabia","T","Total","TOTAL","Total","2011","2011",28173195,,
"SAU","Saudi Arabia","T","Total","TOTAL","Total","2012","2012",28896840,,
"SAU","Saudi Arabia","T","Total","TOTAL","Total","2013","2013",29613064,,
"SAU","Saudi Arabia","T","Total","TOTAL","Total","2014","2014",30339795,,
"SAU","Saudi Arabia","T","Total","TOTAL","Total","2015","2015",31062069,,
"SAU","Saudi Arabia","T","Total","TOTAL","Total","2016","2016",31787580,,
"SAU","Saudi Arabia","T","Total","TOTAL","Total","2017","2017",32612641,,
"SAU","Saudi Arabia","T","Total","TOTAL","Total","2018","2018",33413660,,
"SAU","Saudi Arabia","T","Total","TOTAL","Total","2019","2019",34218169,,
"SAU","Saudi Arabia","T","Total","TOTAL","Total","2020","2020",35013414,,
"SAU","Saudi Arabia","T","Total","TOTAL","Total","2021","2021",34110821,,
"SGP","Singapore","T","Total","TOTAL","Total","1995","1995",3013515,,
"SGP","Singapore","T","Total","TOTAL","Total","1996","1996",3068132,,
"SGP","Singapore","T","Total","TOTAL","Total","1997","1997",3123403,,
"SGP","Singapore","T","Total","TOTAL","Total","1998","1998",3180018,,
"SGP","Singapore","T","Total","TOTAL","Total","1999","1999",3229681,,
"SGP","Singapore","T","Total","TOTAL","Total","2000","2000",3273363,,
"SGP","Singapore","T","Total","TOTAL","Total","2001","2001",3325902,,
"SGP","Singapore","T","Total","TOTAL","Total","2002","2002",3382944,,
"SGP","Singapore","T","Total","TOTAL","Total","2003","2003",3366891,,
"SGP","Singapore","T","Total","TOTAL","Total","2004","2004",3413266,,
"SGP","Singapore","T","Total","TOTAL","Total","2005","2005",3467814,,
"SGP","Singapore","T","Total","TOTAL","Total","2006","2006",3525894,,
"SGP","Singapore","T","Total","TOTAL","Total","2007","2007",3583082,,
"SGP","Singapore","T","Total","TOTAL","Total","2008","2008",3642659,,
"SGP","Singapore","T","Total","TOTAL","Total","2009","2009",3733876,,
"SGP","Singapore","T","Total","TOTAL","Total","2010","2010",3771721,,
"SGP","Singapore","T","Total","TOTAL","Total","2011","2011",3789251,,
"SGP","Singapore","T","Total","TOTAL","Total","2012","2012",3818205,,
"SGP","Singapore","T","Total","TOTAL","Total","2013","2013",3844751,,
"SGP","Singapore","T","Total","TOTAL","Total","2014","2014",3870739,,
"SGP","Singapore","T","Total","TOTAL","Total","2015","2015",3902690,,
"SGP","Singapore","T","Total","TOTAL","Total","2016","2016",3933559,,
"SGP","Singapore","T","Total","TOTAL","Total","2017","2017",3965796,,
"SGP","Singapore","T","Total","TOTAL","Total","2018","2018",3994283,,
"SGP","Singapore","T","Total","TOTAL","Total","2019","2019",4026209,,
"SGP","Singapore","T","Total","TOTAL","Total","2020","2020",4044210,,
"SGP","Singapore","T","Total","TOTAL","Total","2021","2021",3986842,,
"SVN","Slovenia","T","Total","TOTAL","Total","1995","1995",1987505,,
"SVN","Slovenia","T","Total","TOTAL","Total","1996","1996",1991169,,
"SVN","Slovenia","T","Total","TOTAL","Total","1997","1997",1986848,,
"SVN","Slovenia","T","Total","TOTAL","Total","1998","1998",1982603,,
"SVN","Slovenia","T","Total","TOTAL","Total","1999","1999",1985557,,
"SVN","Slovenia","T","Total","TOTAL","Total","2000","2000",1990272,,
"SVN","Slovenia","T","Total","TOTAL","Total","2001","2001",1992035,,
"SVN","Slovenia","T","Total","TOTAL","Total","2002","2002",1995718,,
"SVN","Slovenia","T","Total","TOTAL","Total","2003","2003",1996773,,
"SVN","Slovenia","T","Total","TOTAL","Total","2004","2004",1997004,,
"SVN","Slovenia","T","Total","TOTAL","Total","2005","2005",2001114,,
"SVN","Slovenia","T","Total","TOTAL","Total","2006","2006",2008516,,
"SVN","Slovenia","T","Total","TOTAL","Total","2007","2007",2019406,,
"SVN","Slovenia","T","Total","TOTAL","Total","2008","2008",2022629,,
"SVN","Slovenia","T","Total","TOTAL","Total","2009","2009",2042335,,
"SVN","Slovenia","T","Total","TOTAL","Total","2010","2010",2049261,,
"SVN","Slovenia","T","Total","TOTAL","Total","2011","2011",2052496,,
"SVN","Slovenia","T","Total","TOTAL","Total","2012","2012",2056262,,
"SVN","Slovenia","T","Total","TOTAL","Total","2013","2013",2059114,,
"SVN","Slovenia","T","Total","TOTAL","Total","2014","2014",2061623,,
"SVN","Slovenia","T","Total","TOTAL","Total","2015","2015",2063077,,
"SVN","Slovenia","T","Total","TOTAL","Total","2016","2016",2064241,,
"SVN","Slovenia","T","Total","TOTAL","Total","2017","2017",2066161,,
"SVN","Slovenia","T","Total","TOTAL","Total","2018","2018",2070050,,
"SVN","Slovenia","T","Total","TOTAL","Total","2019","2019",2089310,,
"SVN","Slovenia","T","Total","TOTAL","Total","2020","2020",2100126,,
"SVN","Slovenia","T","Total","TOTAL","Total","2021","2021",2107007,,
"ZAF","South Africa","T","Total","TOTAL","Total","1995","1995",43986086,,
"ZAF","South Africa","T","Total","TOTAL","Total","1996","1996",44661605,,
"ZAF","South Africa","T","Total","TOTAL","Total","1997","1997",45285047,,
"ZAF","South Africa","T","Total","TOTAL","Total","1998","1998",45852167,,
"ZAF","South Africa","T","Total","TOTAL","Total","1999","1999",46364679,,
"ZAF","South Africa","T","Total","TOTAL","Total","2000","2000",46813268,,
"ZAF","South Africa","T","Total","TOTAL","Total","2001","2001",47229716,,
"ZAF","South Africa","T","Total","TOTAL","Total","2002","2002",46330165,,
"ZAF","South Africa","T","Total","TOTAL","Total","2003","2003",46776083,,
"ZAF","South Africa","T","Total","TOTAL","Total","2004","2004",47276543,,
"ZAF","South Africa","T","Total","TOTAL","Total","2005","2005",47810182,,
"ZAF","South Africa","T","Total","TOTAL","Total","2006","2006",48367901,,
"ZAF","South Africa","T","Total","TOTAL","Total","2007","2007",48973857,,
"ZAF","South Africa","T","Total","TOTAL","Total","2008","2008",49628089,,
"ZAF","South Africa","T","Total","TOTAL","Total","2009","2009",50337363,,
"ZAF","South Africa","T","Total","TOTAL","Total","2010","2010",51095503,,
"ZAF","South Africa","T","Total","TOTAL","Total","2011","2011",51888897,,
"ZAF","South Africa","T","Total","TOTAL","Total","2012","2012",52699253,,
"ZAF","South Africa","T","Total","TOTAL","Total","2013","2013",53524385,,
"ZAF","South Africa","T","Total","TOTAL","Total","2014","2014",54369436,,
"ZAF","South Africa","T","Total","TOTAL","Total","2015","2015",55203738,,
"ZAF","South Africa","T","Total","TOTAL","Total","2016","2016",56020148,,
"ZAF","South Africa","T","Total","TOTAL","Total","2017","2017",56840036,,
"ZAF","South Africa","T","Total","TOTAL","Total","2018","2018",57673251,,
"ZAF","South Africa","T","Total","TOTAL","Total","2019","2019",58532857,,
"ZAF","South Africa","T","Total","TOTAL","Total","2020","2020",59352940,,
"ZAF","South Africa","T","Total","TOTAL","Total","2021","2021",59964917,,
